id,orderNumber,totalPrice,totalNet,totalGross,discountCodes,orderState,paymentState,shipmentState,lineItems.id,lineItems.productId,lineItems.name.en,lineItems.variant.variantId,lineItems.variant.sku,lineItems.quantity,lineItems.price,billingAddress.id,billingAddress.title,billingAddress.salutation,billingAddress.firstName,billingAddress.lastName,billingAddress.streetName,billingAddress.streetNumber,billingAddress.additionalStreetInfo,billingAddress.postalCode,billingAddress.city,billingAddress.region,billingAddress.state,billingAddress.country,billingAddress.company,billingAddress.department,billingAddress.building,billingAddress.apartment,billingAddress.pOBox,billingAddress.phone,billingAddress.mobile,billingAddress.email,billingAddress.fax,billingAddress.additionalAddressInfo,billingAddress.externalId,shippingAddress.id,shippingAddress.title,shippingAddress.salutation,shippingAddress.firstName,shippingAddress.lastName,shippingAddress.streetName,shippingAddress.streetNumber,shippingAddress.additionalStreetInfo,shippingAddress.postalCode,shippingAddress.city,shippingAddress.region,shippingAddress.state,shippingAddress.country,shippingAddress.company,shippingAddress.department,shippingAddress.building,shippingAddress.apartment,shippingAddress.pOBox,shippingAddress.phone,shippingAddress.mobile,shippingAddress.email,shippingAddress.fax,shippingAddress.additionalAddressInfo,shippingAddress.externalId
f7202a8a-dd82-4800-8c1e-43cde810e3ad,4a42-4f68-3fca,GBP 227308,GBP 227308,GBP 250039,,Confirmed,Paid,,,,,,,,,,,,Abdu,,3 Soi street. 7awary London,,,12112,London,,,GB,,,,,,,,,,2 Meda street. 7awary Munich,,,,,Abdu,,3 Soi street. 7awary London,,,12112,London,,,GB,,,,,,,,,,2 Meda street. 7awary Munich,
f7202a8a-dd82-4800-8c1e-43cde810e3ad,4a42-4f68-3fca,,,,,,,,d06fde3c-b5c0-42f2-966b-49c72021e22c,4150d2d8-0b35-4c5e-b7dc-d3b00cd2253f,,,LCP-01,1,GBP 399,,,,,,,,,,,,,,,,,,,,,,,,,,,,,,,,,,,,,,,,,,,,,,,,
f7202a8a-dd82-4800-8c1e-43cde810e3ad,4a42-4f68-3fca,,,,,,,,fe490f04-2dff-4719-b623-094b6d4e9dcb,3cbafbdf-ed26-4b30-b699-4d23f8145496,,,VC-01,1,GBP 999,,,,,,,,,,,,,,,,,,,,,,,,,,,,,,,,,,,,,,,,,,,,,,,,
f7202a8a-dd82-4800-8c1e-43cde810e3ad,4a42-4f68-3fca,,,,,,,,6f2a0389-7e08-49d7-b24b-e3009cf7a022,a7ea7f8f-a204-4806-a0e0-7142ce0dc171,,,TTSS-01,1,GBP 239900|215910,,,,,,,,,,,,,,,,,,,,,,,,,,,,,,,,,,,,,,,,,,,,,,,,
96e149e0-ad6a-4301-a790-4de6ec10fe1b,926b7e53-d73d-4141-9a24-f4852dfe35ef,GBP 409923,GBP 409923,GBP 450916,,Confirmed,,,,,,,,,,,,,Abdu,,3 Soi street. 7awary London,,,12112,London,,,GB,,,,,,,,,,2 Meda street. 7awary Munich,,,,,Abdu,,3 Soi street. 7awary London,,,12112,London,,,GB,,,,,,,,,,2 Meda street. 7awary Munich,
96e149e0-ad6a-4301-a790-4de6ec10fe1b,926b7e53-d73d-4141-9a24-f4852dfe35ef,,,,,,,,64513de2-c790-465c-9116-01d897aba2d7,e72723d7-60fc-4c80-9986-dddbd2532b5f,,,MMST-01,1,GBP 12000,,,,,,,,,,,,,,,,,,,,,,,,,,,,,,,,,,,,,,,,,,,,,,,,
96e149e0-ad6a-4301-a790-4de6ec10fe1b,926b7e53-d73d-4141-9a24-f4852dfe35ef,,,,,,,,d20a016c-7cb8-48ff-9766-3b160fb59f00,9dd119f7-66c6-4937-b068-600603cace78,,,GRCG-01,1,GBP 2799,,,,,,,,,,,,,,,,,,,,,,,,,,,,,,,,,,,,,,,,,,,,,,,,
96e149e0-ad6a-4301-a790-4de6ec10fe1b,926b7e53-d73d-4141-9a24-f4852dfe35ef,,,,,,,,1856ad3f-cd4d-4786-98fa-58a4f6eb30a7,e3fbb56f-ef89-4ba6-88ed-15486e50cc6d,,,MLP-01,1,GBP 5299,,,,,,,,,,,,,,,,,,,,,,,,,,,,,,,,,,,,,,,,,,,,,,,,
96e149e0-ad6a-4301-a790-4de6ec10fe1b,926b7e53-d73d-4141-9a24-f4852dfe35ef,,,,,,,,0075dc92-4f8b-4617-b613-b8d105d24b30,041fb64a-b826-4b42-a451-e33780d14369,,,RCD-01,1,GBP 159900|119925,,,,,,,,,,,,,,,,,,,,,,,,,,,,,,,,,,,,,,,,,,,,,,,,
96e149e0-ad6a-4301-a790-4de6ec10fe1b,926b7e53-d73d-4141-9a24-f4852dfe35ef,,,,,,,,25ef79fb-39f2-45b4-be18-a4c79521ca7f,20ff962b-9355-43b7-913e-fe1bfa1ab33a,,,MUQB-01,1,GBP 259900,,,,,,,,,,,,,,,,,,,,,,,,,,,,,,,,,,,,,,,,,,,,,,,,
7f38b41f-fda2-4102-83f6-9a567807df1c,ab55b14b-74d4-4df9-a6a9-08b62a1133d1,GBP 637098,GBP 637098,GBP 700808,,Open,,,,,,,,,,,,,Andrius,,1,,,1,2,,,GB,,,,,,15247,,,,,,,,,Andrius,,1,,,1,2,,,GB,,,,,,15247,,,,,
7f38b41f-fda2-4102-83f6-9a567807df1c,ab55b14b-74d4-4df9-a6a9-08b62a1133d1,,,,,,,,20ce4479-a6dc-4b84-a2f0-b160cc947de8,cd9e0d15-a922-479a-bd82-a76d08633177,,,RCQB-01,1,GBP 329900,,,,,,,,,,,,,,,,,,,,,,,,,,,,,,,,,,,,,,,,,,,,,,,,
7f38b41f-fda2-4102-83f6-9a567807df1c,ab55b14b-74d4-4df9-a6a9-08b62a1133d1,,,,,,,,77e3be50-f348-49a9-8265-080e42136e99,e3fbb56f-ef89-4ba6-88ed-15486e50cc6d,,,MLP-01,1,GBP 5299,,,,,,,,,,,,,,,,,,,,,,,,,,,,,,,,,,,,,,,,,,,,,,,,
7f38b41f-fda2-4102-83f6-9a567807df1c,ab55b14b-74d4-4df9-a6a9-08b62a1133d1,,,,,,,,67cee484-a84f-41fe-9b9c-bc8e1ef7b41d,fdba72e8-715e-4ff5-aa5b-8d18a479b81c,,,GPC-01,1,GBP 1999,,,,,,,,,,,,,,,,,,,,,,,,,,,,,,,,,,,,,,,,,,,,,,,,
7f38b41f-fda2-4102-83f6-9a567807df1c,ab55b14b-74d4-4df9-a6a9-08b62a1133d1,,,,,,,,32e2dccc-d98f-4500-b4e8-7c5a069428c0,0e56cf64-fa51-44e2-969a-3b3d6cd5bab3,,,MTSS-01,1,GBP 249900,,,,,,,,,,,,,,,,,,,,,,,,,,,,,,,,,,,,,,,,,,,,,,,,
f07852d5-4e96-4303-81e4-d1bd8bf49d06,e6a8-51ee-0435,GBP 40886,GBP 40886,GBP 44975,,Open,,,,,,,,,,,,,Ahmed,Amir,sffdsfsfd,,,12345,berlin,,,GB,,,,,,01112882848,,,,dsffdfdfd,,,,,Ahmed,Amir,sffdsfsfd,,,12345,berlin,,,GB,,,,,,01112882848,,,,dsffdfdfd,
f07852d5-4e96-4303-81e4-d1bd8bf49d06,e6a8-51ee-0435,,,,,,,,8de15fdd-2b32-498c-975f-67f3bcde1bbe,04cac727-d2a8-4de3-badf-3e68548d88b7,,,SPC-01,1,GBP 699,,,,,,,,,,,,,,,,,,,,,,,,,,,,,,,,,,,,,,,,,,,,,,,,
f07852d5-4e96-4303-81e4-d1bd8bf49d06,e6a8-51ee-0435,,,,,,,,41ee7049-fc64-4750-ba92-f5366685cc50,3cbafbdf-ed26-4b30-b699-4d23f8145496,,,VC-01,1,GBP 999,,,,,,,,,,,,,,,,,,,,,,,,,,,,,,,,,,,,,,,,,,,,,,,,
f07852d5-4e96-4303-81e4-d1bd8bf49d06,e6a8-51ee-0435,,,,,,,,5dd534b3-10a2-4b05-b044-7e7c45770f78,020e4309-629f-420a-840c-ba51b7e7a9a3,,,PMAP-01,8,GBP 2999,,,,,,,,,,,,,,,,,,,,,,,,,,,,,,,,,,,,,,,,,,,,,,,,
f07852d5-4e96-4303-81e4-d1bd8bf49d06,e6a8-51ee-0435,,,,,,,,971b666f-51be-4523-9e92-6b4da6d42c31,3a36006d-3182-4246-9dec-67f96536fa85,,,CJB-01,4,GBP 1299,,,,,,,,,,,,,,,,,,,,,,,,,,,,,,,,,,,,,,,,,,,,,,,,
b71909c6-815a-4a03-a3fc-eb3fe28ca661,3712d45c-024f-4871-35b6-034114177750,GBP 11999,GBP 11999,GBP 13199,,Open,,,,,,,,,,,,,iocasnio,,oiacoinsvoia,,,12322,cairo,,,GB,,,,,,,,,,,,,,,iocasnio,,oiacoinsvoia,,,12322,cairo,,,GB,,,,,,,,,,,
b71909c6-815a-4a03-a3fc-eb3fe28ca661,3712d45c-024f-4871-35b6-034114177750,,,,,,,,bdd8ea27-b78a-46df-aeca-0ee93a3be5de,fdba72e8-715e-4ff5-aa5b-8d18a479b81c,,,GPC-01,1,GBP 1999,,,,,,,,,,,,,,,,,,,,,,,,,,,,,,,,,,,,,,,,,,,,,,,,
3eb99296-3433-4206-a9ce-2d373b7a5f9a,ae2aba4e-06aa-4b73-1ef5-3b4c65f153dd,GBP 190299,GBP 190299,GBP 209329,,Confirmed,Paid,,,,,,,,,,,,Abdu,,3 Soi street. 7awary London,,,12112,London,,,GB,,,,,,,,,,2 Meda street. 7awary Munich,,,,,Abdu,,3 Soi street. 7awary London,,,12112,London,,,GB,,,,,,,,,,2 Meda street. 7awary Munich,
3eb99296-3433-4206-a9ce-2d373b7a5f9a,ae2aba4e-06aa-4b73-1ef5-3b4c65f153dd,,,,,,,,1146d151-2a6b-479e-a93f-bca17e7efe8c,4150d2d8-0b35-4c5e-b7dc-d3b00cd2253f,,,LCP-01,1,GBP 399,,,,,,,,,,,,,,,,,,,,,,,,,,,,,,,,,,,,,,,,,,,,,,,,
3eb99296-3433-4206-a9ce-2d373b7a5f9a,ae2aba4e-06aa-4b73-1ef5-3b4c65f153dd,,,,,,,,de812a18-f82b-40ec-9459-63b00cef9d0f,d7602214-7edc-4815-a173-69bcacc4666e,,,MGD-01,1,GB-GBP 179900,,,,,,,,,,,,,,,,,,,,,,,,,,,,,,,,,,,,,,,,,,,,,,,,
e84386aa-9682-4007-866b-67fc11c6d10f,aec8ba28-5e25-43e4-98ba-4b951cc7949b,GBP 22000,GBP 22000,GBP 24200,,Confirmed,Paid,,,,,,,,,,,,Abdu,bek,7away London,,,23123,UK,,,GB,,,,,,,,,,,,,,,Abdu,bek,7away London,,,23123,UK,,,GB,,,,,,,,,,,
e84386aa-9682-4007-866b-67fc11c6d10f,aec8ba28-5e25-43e4-98ba-4b951cc7949b,,,,,,,,3c1076e7-6d03-4131-a37e-fedab991a2a4,e72723d7-60fc-4c80-9986-dddbd2532b5f,,,MMST-01,1,GBP 12000,,,,,,,,,,,,,,,,,,,,,,,,,,,,,,,,,,,,,,,,,,,,,,,,
565207f1-6fd1-460e-969f-f46b5d247d97,e006-f8bb-1753,GBP 343098,GBP 343098,GBP 377408,,Confirmed,Paid,,,,,,,,,,,,Abdu,bek,7away London,,,23123,UK,,,GB,,,,,,,,,,,,,,,Abdu,bek,7away London,,,23123,UK,,,GB,,,,,,,,,,,
565207f1-6fd1-460e-969f-f46b5d247d97,e006-f8bb-1753,,,,,,,,236de164-050e-46b3-b13c-197ee54b554e,9dd119f7-66c6-4937-b068-600603cace78,,,GRCG-01,1,GBP 2799,,,,,,,,,,,,,,,,,,,,,,,,,,,,,,,,,,,,,,,,,,,,,,,,
565207f1-6fd1-460e-969f-f46b5d247d97,e006-f8bb-1753,,,,,,,,b440e024-4e40-4ed4-88f4-8c15ffa4f32d,4150d2d8-0b35-4c5e-b7dc-d3b00cd2253f,,,LCP-01,1,GBP 399,,,,,,,,,,,,,,,,,,,,,,,,,,,,,,,,,,,,,,,,,,,,,,,,
565207f1-6fd1-460e-969f-f46b5d247d97,e006-f8bb-1753,,,,,,,,820f8af7-087d-4a22-896b-78c21911e9c2,cd9e0d15-a922-479a-bd82-a76d08633177,,,RCQB-01,1,GBP 329900,,,,,,,,,,,,,,,,,,,,,,,,,,,,,,,,,,,,,,,,,,,,,,,,
24ee8617-98d2-4310-a631-0aeb877d1626,4d46-913c-2816,GBP 18999,GBP 18999,GBP 20899,,Confirmed,Paid,,,,,,,,,,,,",n",,hjbm,,,8u473,fjdsndf,,,GB,,,,,,,,,,,,,,,",n",,hjbm,,,8u473,fjdsndf,,,GB,,,,,,,,,,,
24ee8617-98d2-4310-a631-0aeb877d1626,4d46-913c-2816,,,,,,,,eaa4a5a0-221f-41c0-abed-a282c0107505,0137fe43-2114-40d2-9879-d70e82c4a6d4,,,BLP-01,1,GBP 8999,,,,,,,,,,,,,,,,,,,,,,,,,,,,,,,,,,,,,,,,,,,,,,,,
e1225c7a-be4b-4017-8f54-5089dcc92206,b988c6c3-601a-418f-a3f5-1921eb89b985,GBP 10399,GBP 10399,GBP 11439,,Open,,,,,,,,,,,,,jkscbjaksbc,,ububuibiu,,,22131,cainlkanc,,,GB,,,,,,,,,,,,,,,jkscbjaksbc,,ububuibiu,,,22131,cainlkanc,,,GB,,,,,,,,,,,
e1225c7a-be4b-4017-8f54-5089dcc92206,b988c6c3-601a-418f-a3f5-1921eb89b985,,,,,,,,56cd4f90-665b-4390-b5ba-afda0b49eb99,4150d2d8-0b35-4c5e-b7dc-d3b00cd2253f,,,LCP-01,1,GBP 399,,,,,,,,,,,,,,,,,,,,,,,,,,,,,,,,,,,,,,,,,,,,,,,,
d5af5ebc-4cfc-4e19-8aff-7322833d25eb,ab8db44b-91df-4c97-0473-44e7faa29a79,GBP 341899,GBP 341899,GBP 376089,,Complete,,,,,,,,,,,,,Abdu,,3 Soi street. 7awary London,,,12112,London,,,GB,,,,,,,,,,2 Meda street. 7awary Munich,,,,,Abdu,,3 Soi street. 7awary London,,,12112,London,,,GB,,,,,,,,,,2 Meda street. 7awary Munich,
d5af5ebc-4cfc-4e19-8aff-7322833d25eb,ab8db44b-91df-4c97-0473-44e7faa29a79,,,,,,,,3c909231-c7fd-4f65-8de5-5b70b8fe5173,cd9e0d15-a922-479a-bd82-a76d08633177,,,RCQB-01,1,GBP 329900,,,,,,,,,,,,,,,,,,,,,,,,,,,,,,,,,,,,,,,,,,,,,,,,
d5af5ebc-4cfc-4e19-8aff-7322833d25eb,ab8db44b-91df-4c97-0473-44e7faa29a79,,,,,,,,cb9e92b2-9efc-4848-a53c-71fe58179136,fdba72e8-715e-4ff5-aa5b-8d18a479b81c,,,GPC-01,1,GBP 1999,,,,,,,,,,,,,,,,,,,,,,,,,,,,,,,,,,,,,,,,,,,,,,,,
c9bb36fc-7d76-451a-8184-d11b16dabe9c,c0c7-f439-37c8,GBP 18999,GBP 18999,GBP 20899,,Confirmed,Paid,,,,,,,,,,,,Saumya,Goel,dfdfds,,,24453,sdfdsf,,,GB,,,,,,,,,,,,,,,Saumya,Goel,dfdfds,,,24453,sdfdsf,,,GB,,,,,,,,,,,
c9bb36fc-7d76-451a-8184-d11b16dabe9c,c0c7-f439-37c8,,,,,,,,ad063011-1d89-4e84-99c9-5d8dab525814,0137fe43-2114-40d2-9879-d70e82c4a6d4,,,BLP-01,1,GBP 8999,,,,,,,,,,,,,,,,,,,,,,,,,,,,,,,,,,,,,,,,,,,,,,,,
0b64dae1-578a-471c-bc9c-51bb9235708d,d616-3992-90e4,GBP 50399,GBP 50399,GBP 55439,,Confirmed,Paid,,,,,,,,,,,,Philipp,,commercetools,,,12345,Munich,,,GB,,,,,,,,,,,,,,,Philipp,,commercetools,,,12345,Munich,,,GB,,,,,,,,,,,
0b64dae1-578a-471c-bc9c-51bb9235708d,d616-3992-90e4,,,,,,,,8ce0dadc-f237-496e-809a-4b6ba72042d3,4150d2d8-0b35-4c5e-b7dc-d3b00cd2253f,,,LCP-01,1,GBP 399,,,,,,,,,,,,,,,,,,,,,,,,,,,,,,,,,,,,,,,,,,,,,,,,
8882f387-4f6c-441d-96e1-5d4b7628beb5,a34c-3a11-3eb2,GBP 91999,GBP 91999,GBP 101199,,Open,,,,,,,,,,,,,Abdu,bek,7away London,,,23123,UK,,,GB,,,,,,,,,,,,,,,Abdu,bek,7away London,,,23123,UK,,,GB,,,,,,,,,,,
8882f387-4f6c-441d-96e1-5d4b7628beb5,a34c-3a11-3eb2,,,,,,,,1b790cb5-5484-4049-abe2-3428e23507a6,4553b973-55f5-49f4-80b0-0d4e128bb4d5,,,CCC-09,1,GBP 6999,,,,,,,,,,,,,,,,,,,,,,,,,,,,,,,,,,,,,,,,,,,,,,,,
8882f387-4f6c-441d-96e1-5d4b7628beb5,a34c-3a11-3eb2,,,,,,,,dedd9f08-50a2-452c-9461-5efb67cf35c5,392b9743-6651-4ce7-a07a-f23278c3d169,,,ALC-01,1,GBP 75000,,,,,,,,,,,,,,,,,,,,,,,,,,,,,,,,,,,,,,,,,,,,,,,,
26f46a2d-1c91-401f-a1d4-26b7c1f9db6e,340abff4-cd78-4a5f-0fda-3e98b4df2e3d,GBP 10399,GBP 10399,GBP 11439,,Open,,,,,,,,,,,,,mina,,a,,,21311,cairo,,,GB,,,,,,,,,,,,,,,mina,,a,,,21311,cairo,,,GB,,,,,,,,,,,
26f46a2d-1c91-401f-a1d4-26b7c1f9db6e,340abff4-cd78-4a5f-0fda-3e98b4df2e3d,,,,,,,,6e0c7c49-c8f3-4799-8246-722163897254,4150d2d8-0b35-4c5e-b7dc-d3b00cd2253f,,,LCP-01,1,GBP 399,,,,,,,,,,,,,,,,,,,,,,,,,,,,,,,,,,,,,,,,,,,,,,,,
39020d40-87f4-472b-b050-3989c3d8a873,d0c8536b-e39f-4211-a7a0-054df83d805e,GBP 14798,GBP 14798,GBP 16278,,Confirmed,Paid,,,,,,,,,,,,Abdu,,3 Soi street. 7awary London,,,12112,London,,,GB,,,,,,,,,,2 Meda street. 7awary Munich,,,,,Abdu,,3 Soi street. 7awary London,,,12112,London,,,GB,,,,,,,,,,2 Meda street. 7awary Munich,
39020d40-87f4-472b-b050-3989c3d8a873,d0c8536b-e39f-4211-a7a0-054df83d805e,,,,,,,,1d9c5a2e-8624-4b0c-828d-7fb3d2f22641,fdba72e8-715e-4ff5-aa5b-8d18a479b81c,,,GPC-01,1,GBP 1999,,,,,,,,,,,,,,,,,,,,,,,,,,,,,,,,,,,,,,,,,,,,,,,,
39020d40-87f4-472b-b050-3989c3d8a873,d0c8536b-e39f-4211-a7a0-054df83d805e,,,,,,,,e70ffe57-f0e7-4e18-92ce-185634c188e5,9dd119f7-66c6-4937-b068-600603cace78,,,GRCG-01,1,GBP 2799,,,,,,,,,,,,,,,,,,,,,,,,,,,,,,,,,,,,,,,,,,,,,,,,
b54ee960-52f3-4e2b-aa63-a2bdeedf12fd,d5e959eb-c9db-49d1-076b-87a3a1caef6a,GBP 528799,GBP 528799,GBP 581679,,Confirmed,Paid,,,,,,,,,,,,Abdu,,3 Soi street. 7awary London,,,12112,London,,,GB,,,,,,,,,,2 Meda street. 7awary Munich,,,,,Abdu,,3 Soi street. 7awary London,,,12112,London,,,GB,,,,,,,,,,2 Meda street. 7awary Munich,
b54ee960-52f3-4e2b-aa63-a2bdeedf12fd,d5e959eb-c9db-49d1-076b-87a3a1caef6a,,,,,,,,5916463d-2db8-4320-85ee-d0c0ec265f23,cd9e0d15-a922-479a-bd82-a76d08633177,,,RCQB-01,1,GBP 329900,,,,,,,,,,,,,,,,,,,,,,,,,,,,,,,,,,,,,,,,,,,,,,,,
b54ee960-52f3-4e2b-aa63-a2bdeedf12fd,d5e959eb-c9db-49d1-076b-87a3a1caef6a,,,,,,,,0559d583-ccc2-4bc9-86ef-79cbd15274e6,d7602214-7edc-4815-a173-69bcacc4666e,,,MGD-01,1,GB-GBP 179900,,,,,,,,,,,,,,,,,,,,,,,,,,,,,,,,,,,,,,,,,,,,,,,,
b54ee960-52f3-4e2b-aa63-a2bdeedf12fd,d5e959eb-c9db-49d1-076b-87a3a1caef6a,,,,,,,,5f5aae98-488a-4ca2-add7-eecd3549cd99,0137fe43-2114-40d2-9879-d70e82c4a6d4,,,BLP-01,1,GBP 8999,,,,,,,,,,,,,,,,,,,,,,,,,,,,,,,,,,,,,,,,,,,,,,,,
806d11ec-6cce-4c2c-87d0-04977a361b80,b9ab0c6a-37eb-4964-9a66-b119535e82d0,GBP 125000,GBP 125000,GBP 137500,,Confirmed,Paid,,,,,,,,,,,,Mina,Badrous,my address,,,11772,cairo,,,GB,,,,,,01287464969,,,,,,,,,Mina,Badrous,my address,,,11772,cairo,,,GB,,,,,,01287464969,,,,,
806d11ec-6cce-4c2c-87d0-04977a361b80,b9ab0c6a-37eb-4964-9a66-b119535e82d0,,,,,,,,93adbd10-a04f-42ce-8555-20f570ef322d,392b9743-6651-4ce7-a07a-f23278c3d169,,,ALC-01,1,GBP 75000,,,,,,,,,,,,,,,,,,,,,,,,,,,,,,,,,,,,,,,,,,,,,,,,
172caa15-2183-4f2c-8c87-5aae906f879f,3c41b66d-05b7-44bd-862a-130c3c753f6c,GBP 690295,GBP 690295,GBP 759325,,Confirmed,,,,,,,,,,,,,Abdu,,3 Soi street. 7awary London,,,12112,London,,,GB,,,,,,,,,,2 Meda street. 7awary Munich,,,,,Abdu,,3 Soi street. 7awary London,,,12112,London,,,GB,,,,,,,,,,2 Meda street. 7awary Munich,
172caa15-2183-4f2c-8c87-5aae906f879f,3c41b66d-05b7-44bd-862a-130c3c753f6c,,,,,,,,0ed67542-0023-4350-9a36-09ed5d2e1aed,4150d2d8-0b35-4c5e-b7dc-d3b00cd2253f,,,LCP-01,3,GBP 399,,,,,,,,,,,,,,,,,,,,,,,,,,,,,,,,,,,,,,,,,,,,,,,,
172caa15-2183-4f2c-8c87-5aae906f879f,3c41b66d-05b7-44bd-862a-130c3c753f6c,,,,,,,,0e138fb9-173e-4029-8c2b-83a628e6f47e,e3fbb56f-ef89-4ba6-88ed-15486e50cc6d,,,MLP-01,1,GBP 5299,,,,,,,,,,,,,,,,,,,,,,,,,,,,,,,,,,,,,,,,,,,,,,,,
172caa15-2183-4f2c-8c87-5aae906f879f,3c41b66d-05b7-44bd-862a-130c3c753f6c,,,,,,,,b7a87c38-6972-4fb2-a406-e72a499db712,e72723d7-60fc-4c80-9986-dddbd2532b5f,,,MMST-01,1,GBP 12000,,,,,,,,,,,,,,,,,,,,,,,,,,,,,,,,,,,,,,,,,,,,,,,,
172caa15-2183-4f2c-8c87-5aae906f879f,3c41b66d-05b7-44bd-862a-130c3c753f6c,,,,,,,,12b09fc1-efa1-49f2-a70c-94aa1a1b3492,fdba72e8-715e-4ff5-aa5b-8d18a479b81c,,,GPC-01,1,GBP 1999,,,,,,,,,,,,,,,,,,,,,,,,,,,,,,,,,,,,,,,,,,,,,,,,
172caa15-2183-4f2c-8c87-5aae906f879f,3c41b66d-05b7-44bd-862a-130c3c753f6c,,,,,,,,70a05c72-2b4a-46aa-adb9-cfc8dafef529,cd9e0d15-a922-479a-bd82-a76d08633177,,,RCQB-01,2,GBP 329900,,,,,,,,,,,,,,,,,,,,,,,,,,,,,,,,,,,,,,,,,,,,,,,,
4cdd4c16-447f-4d30-a623-bd29a5d22100,ffe51f1d-96d5-4ffb-2323-fd4af4a13c74,GBP 225910,GBP 225910,GBP 248501,,Open,,,,,,,,,,,,,Andrius,,Kaunas,,,15245,Kaunas,,,GB,,,,,,,,,,,,,,,Andrius,,Kaunas,,,15245,Kaunas,,,GB,,,,,,,,,,,
4cdd4c16-447f-4d30-a623-bd29a5d22100,ffe51f1d-96d5-4ffb-2323-fd4af4a13c74,,,,,,,,04d30b7d-0766-4178-b266-2a0105764e44,a7ea7f8f-a204-4806-a0e0-7142ce0dc171,,,TTSS-01,1,GBP 239900|215910,,,,,,,,,,,,,,,,,,,,,,,,,,,,,,,,,,,,,,,,,,,,,,,,
d2123f49-725c-4133-8633-557bb3ca54f4,9345-7adb-b90c,GBP 339900,GBP 339900,GBP 373890,,Confirmed,Paid,,,,,,,,,,,,Saumya,Goel,dfdfds,,,24453,sdfdsf,,,GB,,,,,,,,,,,,,,,Saumya,Goel,dfdfds,,,24453,sdfdsf,,,GB,,,,,,,,,,,
d2123f49-725c-4133-8633-557bb3ca54f4,9345-7adb-b90c,,,,,,,,fc23b58f-795d-44d8-8819-4a3be43acec4,cd9e0d15-a922-479a-bd82-a76d08633177,,,RCQB-01,1,GBP 329900,,,,,,,,,,,,,,,,,,,,,,,,,,,,,,,,,,,,,,,,,,,,,,,,
c1b190b4-a180-4737-b096-fffb6977de5b,5db123df-c12c-4451-1ce3-522753f1ea67,GBP 225910,GBP 225910,GBP 248501,,Open,,,,,,,,,,,,,jkscbjaksbc,,ububuibiu,,,22131,cainlkanc,,,GB,,,,,,,,,,,,,,,jkscbjaksbc,,ububuibiu,,,22131,cainlkanc,,,GB,,,,,,,,,,,
c1b190b4-a180-4737-b096-fffb6977de5b,5db123df-c12c-4451-1ce3-522753f1ea67,,,,,,,,caecddf7-f2fd-4b7b-b3c0-f2bb4e5baa85,a7ea7f8f-a204-4806-a0e0-7142ce0dc171,,,TTSS-01,1,GBP 239900|215910,,,,,,,,,,,,,,,,,,,,,,,,,,,,,,,,,,,,,,,,,,,,,,,,
6dcc37d9-f5fa-423b-b5e1-55042bcd377f,86d0dc73-2107-45db-80a0-eb4efcf0eb67,GBP 225910,GBP 225910,GBP 248501,,Open,,,,,,,,,,,,,Abdu,,3 Soi street. 7awary London,,,12112,London,,,GB,,,,,,,,,,2 Meda street. 7awary Munich,,,,,Abdu,,3 Soi street. 7awary London,,,12112,London,,,GB,,,,,,,,,,2 Meda street. 7awary Munich,
6dcc37d9-f5fa-423b-b5e1-55042bcd377f,86d0dc73-2107-45db-80a0-eb4efcf0eb67,,,,,,,,ab4c7943-39e8-4ff1-8abe-60037e9d8f6b,a7ea7f8f-a204-4806-a0e0-7142ce0dc171,,,TTSS-01,1,GBP 239900|215910,,,,,,,,,,,,,,,,,,,,,,,,,,,,,,,,,,,,,,,,,,,,,,,,
d6f79617-9d89-4a3c-93b2-4e403a11a11a,e0e19964-e7c3-4d4d-a06a-b957fa3429f1,GBP 342699,GBP 342699,GBP 376969,,Open,,,,,,,,,,,,,jkscbjaksbc,,ububuibiu,,,22131,cainlkanc,,,GB,,,,,,,,,,,,,,,jkscbjaksbc,,ububuibiu,,,22131,cainlkanc,,,GB,,,,,,,,,,,
d6f79617-9d89-4a3c-93b2-4e403a11a11a,e0e19964-e7c3-4d4d-a06a-b957fa3429f1,,,,,,,,dd5cbd49-c340-4457-9389-ee2807a6bfff,9dd119f7-66c6-4937-b068-600603cace78,,,GRCG-01,1,GBP 2799,,,,,,,,,,,,,,,,,,,,,,,,,,,,,,,,,,,,,,,,,,,,,,,,
d6f79617-9d89-4a3c-93b2-4e403a11a11a,e0e19964-e7c3-4d4d-a06a-b957fa3429f1,,,,,,,,0dc116f5-bebd-4fc2-a29c-08899c93a4b6,cd9e0d15-a922-479a-bd82-a76d08633177,,,RCQB-01,1,GBP 329900,,,,,,,,,,,,,,,,,,,,,,,,,,,,,,,,,,,,,,,,,,,,,,,,
a74bfbb9-7bc7-4c3c-973f-cc79c625f525,535b14b1-f621-4542-94fd-5ef6e456e71b,GBP 171196,GBP 171196,GBP 188316,,Confirmed,,,,,,,,,,,,,Abdu,,3 Soi street. 7awary London,,,12112,London,,,GB,,,,,,,,,,2 Meda street. 7awary Munich,,,,,Abdu,,3 Soi street. 7awary London,,,12112,London,,,GB,,,,,,,,,,2 Meda street. 7awary Munich,
a74bfbb9-7bc7-4c3c-973f-cc79c625f525,535b14b1-f621-4542-94fd-5ef6e456e71b,,,,,,,,3f5f4ac4-d069-4377-b069-7e1115788c90,9dd119f7-66c6-4937-b068-600603cace78,,,GRCG-01,4,GBP 2799,,,,,,,,,,,,,,,,,,,,,,,,,,,,,,,,,,,,,,,,,,,,,,,,
a74bfbb9-7bc7-4c3c-973f-cc79c625f525,535b14b1-f621-4542-94fd-5ef6e456e71b,,,,,,,,c8166a27-16b5-4c80-b74f-a263f3d83b17,392b9743-6651-4ce7-a07a-f23278c3d169,,,ALC-01,2,GBP 75000,,,,,,,,,,,,,,,,,,,,,,,,,,,,,,,,,,,,,,,,,,,,,,,,
7603512d-0ae5-423d-a765-7836faeb2100,3b150f54-0537-45db-926f-4fa87644305c,GBP 15299,GBP 15299,GBP 16829,,Open,,,,,,,,,,,,,jkscbjaksbc,,ububuibiu,,,22131,cainlkanc,,,GB,,,,,,,,,,,,,,,jkscbjaksbc,,ububuibiu,,,22131,cainlkanc,,,GB,,,,,,,,,,,
7603512d-0ae5-423d-a765-7836faeb2100,3b150f54-0537-45db-926f-4fa87644305c,,,,,,,,937640bd-7dfc-4576-b8f5-f6d5db429e01,e3fbb56f-ef89-4ba6-88ed-15486e50cc6d,,,MLP-01,1,GBP 5299,,,,,,,,,,,,,,,,,,,,,,,,,,,,,,,,,,,,,,,,,,,,,,,,
c93aa2a3-a917-4244-a505-8f9b28ef49de,5420fa29-64e2-4a78-b909-c92fad281750,EUR 65000,EUR 65000,EUR 71500,,Open,,,,,,,,,,,,,Abdu,,3 Soi street. 7awary London,,,12112,London,,,DE,,,,,,,,,,2 Meda street. 7awary Munich,,,,,Abdu,,3 Soi street. 7awary London,,,12112,London,,,DE,,,,,,,,,,2 Meda street. 7awary Munich,
c93aa2a3-a917-4244-a505-8f9b28ef49de,5420fa29-64e2-4a78-b909-c92fad281750,,,,,,,,b5bc4f55-cf60-4d3a-ac21-3f1a4ffd9933,9dd119f7-66c6-4937-b068-600603cace78,,,GRCG-01,1,EUR 3000,,,,,,,,,,,,,,,,,,,,,,,,,,,,,,,,,,,,,,,,,,,,,,,,
c93aa2a3-a917-4244-a505-8f9b28ef49de,5420fa29-64e2-4a78-b909-c92fad281750,,,,,,,,c85b9a62-8b6a-4229-b0a3-180894cf3649,e72723d7-60fc-4c80-9986-dddbd2532b5f,,,MMST-01,1,EUR 12000,,,,,,,,,,,,,,,,,,,,,,,,,,,,,,,,,,,,,,,,,,,,,,,,
63298252-2ed8-4944-85b0-a9716e6d4753,1374-502a-1317,GBP 151900,GBP 151900,GBP 167090,,Confirmed,Paid,,,,,,,,,,,,Abdu,bek,7away London,,,23123,UK,,,GB,,,,,,,,,,,,,,,Abdu,bek,7away London,,,23123,UK,,,GB,,,,,,,,,,,
63298252-2ed8-4944-85b0-a9716e6d4753,1374-502a-1317,,,,,,,,bec19e1d-096e-47fc-a302-945e4e738eb6,e72723d7-60fc-4c80-9986-dddbd2532b5f,,,MMST-01,1,GBP 12000,,,,,,,,,,,,,,,,,,,,,,,,,,,,,,,,,,,,,,,,,,,,,,,,
63298252-2ed8-4944-85b0-a9716e6d4753,1374-502a-1317,,,,,,,,1d8c2ccd-2fcd-45a1-8290-9888488cd7e9,c3c97be6-7f5b-4ba3-9f0a-079a507f01ee,,,NTSS-01,1,GBP 129900,,,,,,,,,,,,,,,,,,,,,,,,,,,,,,,,,,,,,,,,,,,,,,,,
72b4982d-97e0-4845-bc10-b56515d14a98,538d-55d4-ad77,GBP 25298,GBP 25298,GBP 27828,,Confirmed,Paid,,,,,,,,,W6xWAQuH,,,Abdu,Khaled,asdsad,,,21111,Montserrat,,,GB,,,,,,,,,,,,W6xWAQuH,,,Abdu,Khaled,asdsad,,,21111,Montserrat,,,GB,,,,,,,,,,,
72b4982d-97e0-4845-bc10-b56515d14a98,538d-55d4-ad77,,,,,,,,5226bd86-6b8c-44d1-a201-55e694b83cf5,ef222aa2-6a23-4db7-8911-be3b3944879e,,,BR-0983,1,GBP 9999,,,,,,,,,,,,,,,,,,,,,,,,,,,,,,,,,,,,,,,,,,,,,,,,
72b4982d-97e0-4845-bc10-b56515d14a98,538d-55d4-ad77,,,,,,,,cf53c072-4fd5-407b-8403-5a753dc02cdd,e3fbb56f-ef89-4ba6-88ed-15486e50cc6d,,,MLP-01,1,GBP 5299,,,,,,,,,,,,,,,,,,,,,,,,,,,,,,,,,,,,,,,,,,,,,,,,
073f5b8d-cdef-4747-b9e1-d2704bc56461,cdfc-b2e0-9947,GBP 322297,GBP 322297,GBP 354527,,Open,Paid,Shipped,,,,,,,,,,,Ahmed,Amir,Markaz Fa2oos el dawly,,,55555,El5arya elgedida,,,GB,,,,,,,,,,Ksm el sisi,,,,,Ahmed,Amir,Markaz Fa2oos el dawly,,,55555,El5arya elgedida,,,GB,,,,,,,,,,Ksm el sisi,
073f5b8d-cdef-4747-b9e1-d2704bc56461,cdfc-b2e0-9947,,,,,,,,96bbc129-3667-4d86-b025-4a0cc699f56c,0137fe43-2114-40d2-9879-d70e82c4a6d4,,,BLP-01,1,GBP 8999,,,,,,,,,,,,,,,,,,,,,,,,,,,,,,,,,,,,,,,,,,,,,,,,
073f5b8d-cdef-4747-b9e1-d2704bc56461,cdfc-b2e0-9947,,,,,,,,9a058454-4dd5-497b-80b6-936318bd0cfe,20ff962b-9355-43b7-913e-fe1bfa1ab33a,,,MUQB-01,1,GBP 259900,,,,,,,,,,,,,,,,,,,,,,,,,,,,,,,,,,,,,,,,,,,,,,,,
073f5b8d-cdef-4747-b9e1-d2704bc56461,cdfc-b2e0-9947,,,,,,,,60abcdfd-ce4c-4346-b356-45de25a1848d,4150d2d8-0b35-4c5e-b7dc-d3b00cd2253f,,,LCP-01,1,GBP 399,,,,,,,,,,,,,,,,,,,,,,,,,,,,,,,,,,,,,,,,,,,,,,,,
073f5b8d-cdef-4747-b9e1-d2704bc56461,cdfc-b2e0-9947,,,,,,,,81a6547f-a712-40ce-a76f-c096d78c7f70,020e4309-629f-420a-840c-ba51b7e7a9a3,,,PMAP-01,1,GBP 2999,,,,,,,,,,,,,,,,,,,,,,,,,,,,,,,,,,,,,,,,,,,,,,,,
b5210207-a028-4f47-8f70-4af3d435fde5,d2ffefa1-cf18-4409-9a6e-5c1b2c28cbcf,GBP 681800,GBP 681800,GBP 749980,,Open,,,,,,,,,,,,,Abdu,,3 Soi street. 7awary London,,,12112,London,,,GB,,,,,,,,,,2 Meda street. 7awary Munich,,,,,Abdu,,3 Soi street. 7awary London,,,12112,London,,,GB,,,,,,,,,,2 Meda street. 7awary Munich,
b5210207-a028-4f47-8f70-4af3d435fde5,d2ffefa1-cf18-4409-9a6e-5c1b2c28cbcf,,,,,,,,7e64dd5e-dae0-4eb3-9fef-dc9b40956e9f,c93b0cd9-d4a5-48bc-b5a8-b8eabde7196b,,,RMP-01,100,GBP 3299,,,,,,,,,,,,,,,,,,,,,,,,,,,,,,,,,,,,,,,,,,,,,,,,
b5210207-a028-4f47-8f70-4af3d435fde5,d2ffefa1-cf18-4409-9a6e-5c1b2c28cbcf,,,,,,,,01f631cc-e0be-4fa3-953e-4c194f08a7c9,cd9e0d15-a922-479a-bd82-a76d08633177,,,RCQB-01,1,GBP 329900,,,,,,,,,,,,,,,,,,,,,,,,,,,,,,,,,,,,,,,,,,,,,,,,
b5210207-a028-4f47-8f70-4af3d435fde5,d2ffefa1-cf18-4409-9a6e-5c1b2c28cbcf,,,,,,,,4481daa7-a660-4c1f-a2e0-f7607b3cdd75,e72723d7-60fc-4c80-9986-dddbd2532b5f,,,MMST-01,1,GBP 12000,,,,,,,,,,,,,,,,,,,,,,,,,,,,,,,,,,,,,,,,,,,,,,,,
6d8ad597-c0d9-4b4b-b0b0-ce81d507d199,a13aa35d-da2a-4f57-26cd-df2feaa27a48,GBP 85000,GBP 85000,GBP 93500,,Confirmed,Paid,,,,,,,,,,,,jkscbjaksbc,,ububuibiu,,,22131,cainlkanc,,,GB,,,,,,,,,,,,,,,jkscbjaksbc,,ububuibiu,,,22131,cainlkanc,,,GB,,,,,,,,,,,
6d8ad597-c0d9-4b4b-b0b0-ce81d507d199,a13aa35d-da2a-4f57-26cd-df2feaa27a48,,,,,,,,32fbef60-eda0-4f67-a72c-a257e45a7055,392b9743-6651-4ce7-a07a-f23278c3d169,,,ALC-01,1,GBP 75000,,,,,,,,,,,,,,,,,,,,,,,,,,,,,,,,,,,,,,,,,,,,,,,,
6d3d2c1b-a98d-4e50-9ee7-b02b0e7bda24,2671c959-533f-4bcb-13cc-c808c0920baa,GBP 417810,GBP 417810,GBP 459591,,Confirmed,Paid,,,,,,,,,,,,Abdu,,3 Soi street. 7awary London,,,12112,London,,,GB,,,,,,,,,,2 Meda street. 7awary Munich,,,,,Abdu,,3 Soi street. 7awary London,,,12112,London,,,GB,,,,,,,,,,2 Meda street. 7awary Munich,
6d3d2c1b-a98d-4e50-9ee7-b02b0e7bda24,2671c959-533f-4bcb-13cc-c808c0920baa,,,,,,,,b26efc2e-b83b-4532-a6f3-bf5aed625bc2,a7ea7f8f-a204-4806-a0e0-7142ce0dc171,,,TTSS-01,1,GBP 239900|215910,,,,,,,,,,,,,,,,,,,,,,,,,,,,,,,,,,,,,,,,,,,,,,,,
6d3d2c1b-a98d-4e50-9ee7-b02b0e7bda24,2671c959-533f-4bcb-13cc-c808c0920baa,,,,,,,,4bcf6492-6528-43fe-a855-6d2e3366df1f,e72723d7-60fc-4c80-9986-dddbd2532b5f,,,MMST-01,1,GBP 12000,,,,,,,,,,,,,,,,,,,,,,,,,,,,,,,,,,,,,,,,,,,,,,,,
6d3d2c1b-a98d-4e50-9ee7-b02b0e7bda24,2671c959-533f-4bcb-13cc-c808c0920baa,,,,,,,,d9b48e50-6b8e-4c29-94fa-2ba091053fb4,d7602214-7edc-4815-a173-69bcacc4666e,,,MGD-01,1,GB-GBP 179900,,,,,,,,,,,,,,,,,,,,,,,,,,,,,,,,,,,,,,,,,,,,,,,,
9c923dcf-0456-4552-a124-af0ad3b78d99,d37167f4-213e-4051-2cb3-8cb60aeda0f5,GBP 226309,GBP 226309,GBP 248940,,Complete,,,,,,,,,,,,,Abdu,,3 Soi street. 7awary London,,,12112,London,,,GB,,,,,,,,,,2 Meda street. 7awary Munich,,,,,Abdu,,3 Soi street. 7awary London,,,12112,London,,,GB,,,,,,,,,,2 Meda street. 7awary Munich,
9c923dcf-0456-4552-a124-af0ad3b78d99,d37167f4-213e-4051-2cb3-8cb60aeda0f5,,,,,,,,2d3abc6f-dfe1-48c0-9619-7b18261d2933,a7ea7f8f-a204-4806-a0e0-7142ce0dc171,,,TTSS-01,1,GBP 239900|215910,,,,,,,,,,,,,,,,,,,,,,,,,,,,,,,,,,,,,,,,,,,,,,,,
9c923dcf-0456-4552-a124-af0ad3b78d99,d37167f4-213e-4051-2cb3-8cb60aeda0f5,,,,,,,,73ce17d4-d42f-42cc-889c-ca9bb5c2e95a,4150d2d8-0b35-4c5e-b7dc-d3b00cd2253f,,,LCP-01,1,GBP 399,,,,,,,,,,,,,,,,,,,,,,,,,,,,,,,,,,,,,,,,,,,,,,,,
31052729-39c8-4058-8434-a748d9e3a3f4,98d0-ae7a-9c8d,GBP 343694,GBP 343694,GBP 378063,,Confirmed,Paid,,,,,,,,,,,,Abdu,bek,7away London,,,23123,UK,,,GB,,,,,,,,,,,,,,,Abdu,bek,7away London,,,23123,UK,,,GB,,,,,,,,,,,
31052729-39c8-4058-8434-a748d9e3a3f4,98d0-ae7a-9c8d,,,,,,,,d056428c-2528-4cc9-a6c6-9801683c9ec2,e72723d7-60fc-4c80-9986-dddbd2532b5f,,,MMST-01,3,GBP 12000,,,,,,,,,,,,,,,,,,,,,,,,,,,,,,,,,,,,,,,,,,,,,,,,
31052729-39c8-4058-8434-a748d9e3a3f4,98d0-ae7a-9c8d,,,,,,,,ee0a0bdb-d5f2-453c-8292-a4f0ba5b0867,0e56cf64-fa51-44e2-969a-3b3d6cd5bab3,,,MTSS-01,1,GBP 249900,,,,,,,,,,,,,,,,,,,,,,,,,,,,,,,,,,,,,,,,,,,,,,,,
31052729-39c8-4058-8434-a748d9e3a3f4,98d0-ae7a-9c8d,,,,,,,,23190bfa-2861-42b7-8090-66c79186f37b,0137fe43-2114-40d2-9879-d70e82c4a6d4,,,BLP-01,5,GBP 8999,,,,,,,,,,,,,,,,,,,,,,,,,,,,,,,,,,,,,,,,,,,,,,,,
31052729-39c8-4058-8434-a748d9e3a3f4,98d0-ae7a-9c8d,,,,,,,,ac06ccf6-60be-44ab-8e19-9b4ab1ba4795,9dd119f7-66c6-4937-b068-600603cace78,,,GRCG-01,1,GBP 2799,,,,,,,,,,,,,,,,,,,,,,,,,,,,,,,,,,,,,,,,,,,,,,,,
b7c2f9af-4611-475a-b439-b22b7897a900,fc08-0beb-9048,GBP 10399,GBP 10399,GBP 11439,,Confirmed,Paid,,,,,,,,,,,,Saumya,Goel,dfdfds,,,24453,sdfdsf,,,GB,,,,,,,,,,,,,,,Saumya,Goel,dfdfds,,,24453,sdfdsf,,,GB,,,,,,,,,,,
b7c2f9af-4611-475a-b439-b22b7897a900,fc08-0beb-9048,,,,,,,,88d72c01-e7f6-4497-a869-b6ead9f049d5,4150d2d8-0b35-4c5e-b7dc-d3b00cd2253f,,,LCP-01,1,GBP 399,,,,,,,,,,,,,,,,,,,,,,,,,,,,,,,,,,,,,,,,,,,,,,,,
75f4a6de-a6e7-4d5b-85f0-4485f5720dcb,4ad8f3b0-582f-41e2-be05-8569a4c5ab38,GBP 13198,GBP 13198,GBP 14518,,Open,,,,,,,,,,,,,Ahmed,Amir,berlin,,,12345,berlin,,,GB,,,,,,01112995348,,,,,,,,,Ahmed,Amir,berlin,,,12345,berlin,,,GB,,,,,,01112995348,,,,,
75f4a6de-a6e7-4d5b-85f0-4485f5720dcb,4ad8f3b0-582f-41e2-be05-8569a4c5ab38,,,,,,,,55d164ad-7d9a-4cc4-9c69-a245915c347f,9dd119f7-66c6-4937-b068-600603cace78,,,GRCG-01,1,GBP 2799,,,,,,,,,,,,,,,,,,,,,,,,,,,,,,,,,,,,,,,,,,,,,,,,
75f4a6de-a6e7-4d5b-85f0-4485f5720dcb,4ad8f3b0-582f-41e2-be05-8569a4c5ab38,,,,,,,,7bad616a-8f67-4219-a269-b12bf6803c88,4150d2d8-0b35-4c5e-b7dc-d3b00cd2253f,,,LCP-01,1,GBP 399,,,,,,,,,,,,,,,,,,,,,,,,,,,,,,,,,,,,,,,,,,,,,,,,
1a0e32f2-fa74-4a5d-ae04-902216637aab,3de6f3b7-35bb-4753-22c3-8cb4552448db,GBP 195199,GBP 195199,GBP 214719,,Confirmed,,,,,,,,,,,,,Abdu,,3 Soi street. 7awary London,,,12112,London,,,GB,,,,,,,,,,2 Meda street. 7awary Munich,,,,,Abdu,,3 Soi street. 7awary London,,,12112,London,,,GB,,,,,,,,,,2 Meda street. 7awary Munich,
1a0e32f2-fa74-4a5d-ae04-902216637aab,3de6f3b7-35bb-4753-22c3-8cb4552448db,,,,,,,,d796e269-71d5-4920-b3a7-32782a1f4594,e3fbb56f-ef89-4ba6-88ed-15486e50cc6d,,,MLP-01,1,GBP 5299,,,,,,,,,,,,,,,,,,,,,,,,,,,,,,,,,,,,,,,,,,,,,,,,
1a0e32f2-fa74-4a5d-ae04-902216637aab,3de6f3b7-35bb-4753-22c3-8cb4552448db,,,,,,,,bd6e2d14-27ff-49e5-b81c-5fcf1dcd37bf,d7602214-7edc-4815-a173-69bcacc4666e,,,MGD-01,1,GB-GBP 179900,,,,,,,,,,,,,,,,,,,,,,,,,,,,,,,,,,,,,,,,,,,,,,,,
201fcf2c-546e-485e-883a-9be520941222,c6ccd230-299f-46c9-be56-342941a63047,EUR 50399,EUR 50399,EUR 55439,,Open,,,,,,,,,,,,,Abdu,,3 Soi street. 7awary London,,,12112,London,,,DE,,,,,,,,,,2 Meda street. 7awary Munich,,,,,Abdu,,3 Soi street. 7awary London,,,12112,London,,,DE,,,,,,,,,,2 Meda street. 7awary Munich,
201fcf2c-546e-485e-883a-9be520941222,c6ccd230-299f-46c9-be56-342941a63047,,,,,,,,e9ba0a3d-d5bc-44ca-af0c-22ae97ab7a24,4150d2d8-0b35-4c5e-b7dc-d3b00cd2253f,,,LCP-01,1,EUR 399,,,,,,,,,,,,,,,,,,,,,,,,,,,,,,,,,,,,,,,,,,,,,,,,
55c28fb3-ac16-4c60-894d-7593d0b8ddc4,4c43-eb65-10ef,GBP 459825,GBP 459825,GBP 505808,,Confirmed,Paid,,,,,,,,,,,,Justus,Nagel,98 Rue du MArechal Leclerc,,,12345,Super city,,,GB,,,,,,,,,,,,,,,Justus,Nagel,98 Rue du MArechal Leclerc,,,12345,Super city,,,GB,,,,,,,,,,,
55c28fb3-ac16-4c60-894d-7593d0b8ddc4,4c43-eb65-10ef,,,,,,,,9a762123-7c91-4acf-9a2c-10895b844d1a,cd9e0d15-a922-479a-bd82-a76d08633177,,,RCQB-01,1,GBP 329900,,,,,,,,,,,,,,,,,,,,,,,,,,,,,,,,,,,,,,,,,,,,,,,,
55c28fb3-ac16-4c60-894d-7593d0b8ddc4,4c43-eb65-10ef,,,,,,,,7c723aec-44da-455d-9dcd-d3fddd256f40,041fb64a-b826-4b42-a451-e33780d14369,,,RCD-01,1,GBP 159900|119925,,,,,,,,,,,,,,,,,,,,,,,,,,,,,,,,,,,,,,,,,,,,,,,,
a6e50eb4-e827-4c60-9540-26be19a8d480,1e658a1b-566a-4cf9-0b0f-5a4ec79a0c0e,GBP 860806,GBP 860806,GBP 946887,,Confirmed,Paid,,,,,,,,,,,,Abdu,,3 Soi street. 7awary London,,,12112,London,,,GB,,,,,,,,,,2 Meda street. 7awary Munich,,,,,Abdu,,3 Soi street. 7awary London,,,12112,London,,,GB,,,,,,,,,,2 Meda street. 7awary Munich,
a6e50eb4-e827-4c60-9540-26be19a8d480,1e658a1b-566a-4cf9-0b0f-5a4ec79a0c0e,,,,,,,,a4e6d147-4038-4360-aea5-25fe24dc389b,4150d2d8-0b35-4c5e-b7dc-d3b00cd2253f,,,LCP-01,2,GBP 399,,,,,,,,,,,,,,,,,,,,,,,,,,,,,,,,,,,,,,,,,,,,,,,,
a6e50eb4-e827-4c60-9540-26be19a8d480,1e658a1b-566a-4cf9-0b0f-5a4ec79a0c0e,,,,,,,,89f85528-ecef-479f-948e-ab6602dca2e3,392b9743-6651-4ce7-a07a-f23278c3d169,,,ALC-01,1,GBP 75000,,,,,,,,,,,,,,,,,,,,,,,,,,,,,,,,,,,,,,,,,,,,,,,,
a6e50eb4-e827-4c60-9540-26be19a8d480,1e658a1b-566a-4cf9-0b0f-5a4ec79a0c0e,,,,,,,,c2f0c74f-226f-4483-8cdf-e8e7f7b0e288,e3fbb56f-ef89-4ba6-88ed-15486e50cc6d,,,MLP-01,1,GBP 5299,,,,,,,,,,,,,,,,,,,,,,,,,,,,,,,,,,,,,,,,,,,,,,,,
a6e50eb4-e827-4c60-9540-26be19a8d480,1e658a1b-566a-4cf9-0b0f-5a4ec79a0c0e,,,,,,,,46e7a401-de7e-47f1-9211-3c7e3ce6d505,951239c8-58fa-4190-bd9f-45ca3ea6f6a0,,,TLSS-01,1,GBP 359900,,,,,,,,,,,,,,,,,,,,,,,,,,,,,,,,,,,,,,,,,,,,,,,,
a6e50eb4-e827-4c60-9540-26be19a8d480,1e658a1b-566a-4cf9-0b0f-5a4ec79a0c0e,,,,,,,,dfaaaa6f-8360-4900-af21-c14380b72159,d7602214-7edc-4815-a173-69bcacc4666e,,,MGD-01,1,GB-GBP 179900,,,,,,,,,,,,,,,,,,,,,,,,,,,,,,,,,,,,,,,,,,,,,,,,
a6e50eb4-e827-4c60-9540-26be19a8d480,1e658a1b-566a-4cf9-0b0f-5a4ec79a0c0e,,,,,,,,ca779461-0f24-4510-b33c-fb88d06e648c,a7ea7f8f-a204-4806-a0e0-7142ce0dc171,,,TTSS-01,1,GBP 239900|215910,,,,,,,,,,,,,,,,,,,,,,,,,,,,,,,,,,,,,,,,,,,,,,,,
a6e50eb4-e827-4c60-9540-26be19a8d480,1e658a1b-566a-4cf9-0b0f-5a4ec79a0c0e,,,,,,,,08c2958c-491d-402a-93a9-671802b38eca,e72723d7-60fc-4c80-9986-dddbd2532b5f,,,MMST-01,1,GBP 12000,,,,,,,,,,,,,,,,,,,,,,,,,,,,,,,,,,,,,,,,,,,,,,,,
a6e50eb4-e827-4c60-9540-26be19a8d480,1e658a1b-566a-4cf9-0b0f-5a4ec79a0c0e,,,,,,,,82137689-a4a4-408e-b195-fa35f619fecf,fdba72e8-715e-4ff5-aa5b-8d18a479b81c,,,GPC-01,1,GBP 1999,,,,,,,,,,,,,,,,,,,,,,,,,,,,,,,,,,,,,,,,,,,,,,,,
bedda022-cb4d-4561-8fe0-d41633d8e6ef,39af8f75-16dc-4792-9cab-c4276fec970e,GBP 18999,GBP 18999,GBP 20899,,Confirmed,Paid,,,,,,,,,,,,jkscbjaksbc,,ububuibiu,,,22131,cainlkanc,,,GB,,,,,,,,,,,,,,,jkscbjaksbc,,ububuibiu,,,22131,cainlkanc,,,GB,,,,,,,,,,,
bedda022-cb4d-4561-8fe0-d41633d8e6ef,39af8f75-16dc-4792-9cab-c4276fec970e,,,,,,,,e5066b76-4221-4385-a174-a99a88c21873,0137fe43-2114-40d2-9879-d70e82c4a6d4,,,BLP-01,1,GBP 8999,,,,,,,,,,,,,,,,,,,,,,,,,,,,,,,,,,,,,,,,,,,,,,,,
578e4c0e-edf0-4761-bca3-481ca2dd0690,b028-dc1c-a54f,GBP 191899,GBP 191899,GBP 211089,,Confirmed,Paid,,,,,,,,,,,,Abdu,bek,7away London,,,23123,UK,,,GB,,,,,,,,,,,,,,,Abdu,bek,7away London,,,23123,UK,,,GB,,,,,,,,,,,
578e4c0e-edf0-4761-bca3-481ca2dd0690,b028-dc1c-a54f,,,,,,,,732b2a40-5241-4bd8-bf20-545f82ffc834,d7602214-7edc-4815-a173-69bcacc4666e,,,MGD-01,1,GB-GBP 179900,,,,,,,,,,,,,,,,,,,,,,,,,,,,,,,,,,,,,,,,,,,,,,,,
578e4c0e-edf0-4761-bca3-481ca2dd0690,b028-dc1c-a54f,,,,,,,,bc271390-b725-488d-8c39-fd16ecd86792,fdba72e8-715e-4ff5-aa5b-8d18a479b81c,,,GPC-01,1,GBP 1999,,,,,,,,,,,,,,,,,,,,,,,,,,,,,,,,,,,,,,,,,,,,,,,,
144564e7-5f7b-4d62-84a2-0443a2587d23,d137-b267-bc05,GBP 10399,GBP 10399,GBP 11439,,Confirmed,Paid,,,,,,,,,T4ffn5fa,,,Abdu,bek,7away London,,,23123,UK,,,GB,,,,,,,,,,,,T4ffn5fa,,,Abdu,bek,7away London,,,23123,UK,,,GB,,,,,,,,,,,
144564e7-5f7b-4d62-84a2-0443a2587d23,d137-b267-bc05,,,,,,,,eb56e4ff-4ac7-4a85-94f5-ed3a4287a688,4150d2d8-0b35-4c5e-b7dc-d3b00cd2253f,,,LCP-01,1,GBP 399,,,,,,,,,,,,,,,,,,,,,,,,,,,,,,,,,,,,,,,,,,,,,,,,
f3e96d4a-2c12-4766-aaab-37e930252fcf,b54d-7237-02ca,GBP 290995,GBP 290995,GBP 320095,,Confirmed,Paid,Shipped,,,,,,,,,,,Ahmed,Amir,Markaz Fa2oos el dawly,,,55555,El5arya elgedida,,,GB,,,,,,,,,,Ksm el sisi,,,,,Ahmed,Amir,Markaz Fa2oos el dawly,,,55555,El5arya elgedida,,,GB,,,,,,,,,,Ksm el sisi,
f3e96d4a-2c12-4766-aaab-37e930252fcf,b54d-7237-02ca,,,,,,,,55ea20f0-afdb-4aa5-be81-824a8c60f08a,fdba72e8-715e-4ff5-aa5b-8d18a479b81c,,,GPC-01,3,GBP 1999,,,,,,,,,,,,,,,,,,,,,,,,,,,,,,,,,,,,,,,,,,,,,,,,
f3e96d4a-2c12-4766-aaab-37e930252fcf,b54d-7237-02ca,,,,,,,,50836435-9558-4cd9-89a8-540d2aa6413d,392b9743-6651-4ce7-a07a-f23278c3d169,,,ALC-01,1,GBP 75000,,,,,,,,,,,,,,,,,,,,,,,,,,,,,,,,,,,,,,,,,,,,,,,,
f3e96d4a-2c12-4766-aaab-37e930252fcf,b54d-7237-02ca,,,,,,,,ba6713fd-76cf-4a21-9201-64979089173b,e72723d7-60fc-4c80-9986-dddbd2532b5f,,,MMST-01,1,GBP 12000,,,,,,,,,,,,,,,,,,,,,,,,,,,,,,,,,,,,,,,,,,,,,,,,
f3e96d4a-2c12-4766-aaab-37e930252fcf,b54d-7237-02ca,,,,,,,,375e84e5-712c-4042-9c44-5e82c623c0fc,d7602214-7edc-4815-a173-69bcacc4666e,,,MGD-01,1,GB-GBP 179900,,,,,,,,,,,,,,,,,,,,,,,,,,,,,,,,,,,,,,,,,,,,,,,,
f3e96d4a-2c12-4766-aaab-37e930252fcf,b54d-7237-02ca,,,,,,,,fa0d781f-729b-4883-9f76-3fbed76b043e,9dd119f7-66c6-4937-b068-600603cace78,,,GRCG-01,1,GBP 2799,,,,,,,,,,,,,,,,,,,,,,,,,,,,,,,,,,,,,,,,,,,,,,,,
f3e96d4a-2c12-4766-aaab-37e930252fcf,b54d-7237-02ca,,,,,,,,d33523bf-5706-407b-bef8-dddcd55933da,e3fbb56f-ef89-4ba6-88ed-15486e50cc6d,,,MLP-01,1,GBP 5299,,,,,,,,,,,,,,,,,,,,,,,,,,,,,,,,,,,,,,,,,,,,,,,,
3750f373-0ba5-4869-a306-99a9c2d9f60f,2e31cb79-f4b7-4fdc-19fc-3d47724deb39,GBP 11999,GBP 11999,GBP 13199,,Confirmed,Paid,,,,,,,,,,,,jkscbjaksbc,,ububuibiu,,,22131,cainlkanc,,,GB,,,,,,,,,,,,,,,jkscbjaksbc,,ububuibiu,,,22131,cainlkanc,,,GB,,,,,,,,,,,
3750f373-0ba5-4869-a306-99a9c2d9f60f,2e31cb79-f4b7-4fdc-19fc-3d47724deb39,,,,,,,,ab2d1c5f-611d-40ae-a62e-d6d172a4b7f2,fdba72e8-715e-4ff5-aa5b-8d18a479b81c,,,GPC-01,1,GBP 1999,,,,,,,,,,,,,,,,,,,,,,,,,,,,,,,,,,,,,,,,,,,,,,,,
2ae6407b-f868-436d-94ee-db9640ac20f5,aa12-d649-8212,GBP 369900,GBP 369900,GBP 406890,,Confirmed,Paid,,,,,,,,,,,,alksdjlasd,,alsdkjaslkdj,,,12333,aksjdhalksdjasd,,,GB,,,,,,,,,,,,,,,alksdjlasd,,alsdkjaslkdj,,,12333,aksjdhalksdjasd,,,GB,,,,,,,,,,,
2ae6407b-f868-436d-94ee-db9640ac20f5,aa12-d649-8212,,,,,,,,8c728fe2-172a-4295-bee6-bd564a35ed51,951239c8-58fa-4190-bd9f-45ca3ea6f6a0,,,TLSS-01,1,GBP 359900,,,,,,,,,,,,,,,,,,,,,,,,,,,,,,,,,,,,,,,,,,,,,,,,
ade63b95-2386-4c6d-9f6c-0e3377e72214,c65e5a30-57a8-460e-08a7-259f1a25709f,GBP 1641100,GBP 1641100,GBP 1805210,,Open,,,,,,,,,,,,,amir,,sda,,,12345,cfdfd,,,GB,,,,,,011132929992,,,,,,,,,amir,,sda,,,12345,cfdfd,,,GB,,,,,,011132929992,,,,,
ade63b95-2386-4c6d-9f6c-0e3377e72214,c65e5a30-57a8-460e-08a7-259f1a25709f,,,,,,,,18d87bae-ff14-4f7a-942b-d5275c5b9088,e72723d7-60fc-4c80-9986-dddbd2532b5f,,,MMST-01,1,GBP 12000,,,,,,,,,,,,,,,,,,,,,,,,,,,,,,,,,,,,,,,,,,,,,,,,
ade63b95-2386-4c6d-9f6c-0e3377e72214,c65e5a30-57a8-460e-08a7-259f1a25709f,,,,,,,,74a4ab41-5e77-423c-a227-018855672988,d7602214-7edc-4815-a173-69bcacc4666e,,,MGD-01,9,GB-GBP 179900,,,,,,,,,,,,,,,,,,,,,,,,,,,,,,,,,,,,,,,,,,,,,,,,
ae2597e7-dc12-456f-8bbf-3252f694111b,bb9c-a15d-04cd,EUR 12000,EUR 12000,EUR 13200,,Open,,,,,,,,,,,,,Markus,Koch,Oskar-Jäger-Str. 173,,,50825,Köln,,,DE,,,,,,,,,,,,,,,Markus,Koch,Oskar-Jäger-Str. 173,,,50825,Köln,,,DE,,,,,,,,,,,
ae2597e7-dc12-456f-8bbf-3252f694111b,bb9c-a15d-04cd,,,,,,,,daa257bc-7dee-409a-9b35-f81437a6b463,e72723d7-60fc-4c80-9986-dddbd2532b5f,,,MMST-01,1,EUR 12000,,,,,,,,,,,,,,,,,,,,,,,,,,,,,,,,,,,,,,,,,,,,,,,,
903dad89-ce3e-4c6f-beb1-40c6c2c471d1,8eb8ff42-3464-45ee-84e3-f54ff6d615a1,GBP 597599,GBP 597599,GBP 657359,,Open,,,,,,,,,,,,,Abdu,,3 Soi street. 7awary London,,,12112,London,,,GB,,,,,,,,,,2 Meda street. 7awary Munich,,,,,Abdu,,3 Soi street. 7awary London,,,12112,London,,,GB,,,,,,,,,,2 Meda street. 7awary Munich,
903dad89-ce3e-4c6f-beb1-40c6c2c471d1,8eb8ff42-3464-45ee-84e3-f54ff6d615a1,,,,,,,,bc46516a-10a8-4b0f-8f88-f78f8a72aee2,392b9743-6651-4ce7-a07a-f23278c3d169,,,ALC-01,3,GBP 75000,,,,,,,,,,,,,,,,,,,,,,,,,,,,,,,,,,,,,,,,,,,,,,,,
903dad89-ce3e-4c6f-beb1-40c6c2c471d1,8eb8ff42-3464-45ee-84e3-f54ff6d615a1,,,,,,,,4001f059-643a-4de3-af22-be4e4fa467cc,d7602214-7edc-4815-a173-69bcacc4666e,,,MGD-01,2,GB-GBP 179900,,,,,,,,,,,,,,,,,,,,,,,,,,,,,,,,,,,,,,,,,,,,,,,,
903dad89-ce3e-4c6f-beb1-40c6c2c471d1,8eb8ff42-3464-45ee-84e3-f54ff6d615a1,,,,,,,,58026fbd-61f7-48dc-bc59-bc7a70940db8,9dd119f7-66c6-4937-b068-600603cace78,,,GRCG-01,1,GBP 2799,,,,,,,,,,,,,,,,,,,,,,,,,,,,,,,,,,,,,,,,,,,,,,,,
a31422c3-20f8-4770-8bfc-87259e56c40d,7cff075f-28bd-44ed-264e-e49fb8048de7,GBP 15299,GBP 15299,GBP 16829,,Confirmed,Paid,,,,,,,,,,,,Abdu,,3 Soi street. 7awary London,,,12112,London,,,GB,,,,,,,,,,2 Meda street. 7awary Munich,,,,,Abdu,,3 Soi street. 7awary London,,,12112,London,,,GB,,,,,,,,,,2 Meda street. 7awary Munich,
a31422c3-20f8-4770-8bfc-87259e56c40d,7cff075f-28bd-44ed-264e-e49fb8048de7,,,,,,,,cdf8f969-2db8-4128-8e23-e3785dbc8580,e3fbb56f-ef89-4ba6-88ed-15486e50cc6d,,,MLP-01,1,GBP 5299,,,,,,,,,,,,,,,,,,,,,,,,,,,,,,,,,,,,,,,,,,,,,,,,
2497301d-60be-4474-8f66-66e6bb8cdf5f,9ff0c521-4d9f-4502-25b7-facf0978902a,GBP 22000,GBP 22000,GBP 24200,,Confirmed,Paid,,,,,,,,,,,,jkscbjaksbc,,ububuibiu,,,22131,cainlkanc,,,GB,,,,,,,,,,,,,,,jkscbjaksbc,,ububuibiu,,,22131,cainlkanc,,,GB,,,,,,,,,,,
2497301d-60be-4474-8f66-66e6bb8cdf5f,9ff0c521-4d9f-4502-25b7-facf0978902a,,,,,,,,7eb54be0-bc21-41d3-b21b-a43ef1d7b3d8,e72723d7-60fc-4c80-9986-dddbd2532b5f,,,MMST-01,1,GBP 12000,,,,,,,,,,,,,,,,,,,,,,,,,,,,,,,,,,,,,,,,,,,,,,,,
6e108e5c-5f68-4d78-ac1b-b9ebb3d3d9b1,8914-8e8f-9278,GBP 225910,GBP 225910,GBP 248501,,Confirmed,Paid,,,,,,,,,,,,Hello,,111,,,1,1,,,GB,,,,,,,,,,,,,,,Hello,,111,,,1,1,,,GB,,,,,,,,,,,
6e108e5c-5f68-4d78-ac1b-b9ebb3d3d9b1,8914-8e8f-9278,,,,,,,,e1e24bae-b449-4495-a583-baeaa12902a3,a7ea7f8f-a204-4806-a0e0-7142ce0dc171,,,TTSS-01,1,GBP 239900|215910,,,,,,,,,,,,,,,,,,,,,,,,,,,,,,,,,,,,,,,,,,,,,,,,
faccfe97-25c1-4d78-b6f1-96ec66067c47,db4add28-4156-44b3-a5d2-739da6e77db2,GBP 301309,GBP 301309,GBP 331440,,Confirmed,,,,,,,,,,,,,Abdu,,3 Soi street. 7awary London,,,12112,London,,,GB,,,,,,,,,,2 Meda street. 7awary Munich,,,,,Abdu,,3 Soi street. 7awary London,,,12112,London,,,GB,,,,,,,,,,2 Meda street. 7awary Munich,
faccfe97-25c1-4d78-b6f1-96ec66067c47,db4add28-4156-44b3-a5d2-739da6e77db2,,,,,,,,96cf9992-bd27-448f-97c1-94294194f4d0,4150d2d8-0b35-4c5e-b7dc-d3b00cd2253f,,,LCP-01,1,GBP 399,,,,,,,,,,,,,,,,,,,,,,,,,,,,,,,,,,,,,,,,,,,,,,,,
faccfe97-25c1-4d78-b6f1-96ec66067c47,db4add28-4156-44b3-a5d2-739da6e77db2,,,,,,,,2bf4df14-4109-49e1-b502-644bf831de82,392b9743-6651-4ce7-a07a-f23278c3d169,,,ALC-01,1,GBP 75000,,,,,,,,,,,,,,,,,,,,,,,,,,,,,,,,,,,,,,,,,,,,,,,,
faccfe97-25c1-4d78-b6f1-96ec66067c47,db4add28-4156-44b3-a5d2-739da6e77db2,,,,,,,,2b217f50-e71e-48a1-bbe8-d7511bb57026,a7ea7f8f-a204-4806-a0e0-7142ce0dc171,,,TTSS-01,1,GBP 239900|215910,,,,,,,,,,,,,,,,,,,,,,,,,,,,,,,,,,,,,,,,,,,,,,,,
0c50cc79-a917-4a7b-91ae-b31af42bf11a,69fb709a-b4be-41ae-0019-318822e4dde9,GBP 283608,GBP 283608,GBP 311969,,Confirmed,Paid,Shipped,,,,,,,,,,,Abdo,,3 7awary London,,,25121,London,,,GB,,,,,,,,,,,,,,,Abdo,,3 7awary London,,,25121,London,,,GB,,,,,,,,,,,
0c50cc79-a917-4a7b-91ae-b31af42bf11a,69fb709a-b4be-41ae-0019-318822e4dde9,,,,,,,,cb8080f9-3f71-4c40-a63b-b3d9b239eb33,a7ea7f8f-a204-4806-a0e0-7142ce0dc171,,,TTSS-01,1,GBP 239900|215910,,,,,,,,,,,,,,,,,,,,,,,,,,,,,,,,,,,,,,,,,,,,,,,,
0c50cc79-a917-4a7b-91ae-b31af42bf11a,69fb709a-b4be-41ae-0019-318822e4dde9,,,,,,,,4a94a9ab-60f1-4b44-959d-93a9fa273f1a,e72723d7-60fc-4c80-9986-dddbd2532b5f,,,MMST-01,1,GBP 12000,,,,,,,,,,,,,,,,,,,,,,,,,,,,,,,,,,,,,,,,,,,,,,,,
0c50cc79-a917-4a7b-91ae-b31af42bf11a,69fb709a-b4be-41ae-0019-318822e4dde9,,,,,,,,20926b85-5c4c-4445-8edf-b8d8dcdc3008,4150d2d8-0b35-4c5e-b7dc-d3b00cd2253f,,,LCP-01,1,GBP 399,,,,,,,,,,,,,,,,,,,,,,,,,,,,,,,,,,,,,,,,,,,,,,,,
0c50cc79-a917-4a7b-91ae-b31af42bf11a,69fb709a-b4be-41ae-0019-318822e4dde9,,,,,,,,33eee251-52d7-4d5d-847b-efedf0d0cb5b,e3fbb56f-ef89-4ba6-88ed-15486e50cc6d,,,MLP-01,1,GBP 5299,,,,,,,,,,,,,,,,,,,,,,,,,,,,,,,,,,,,,,,,,,,,,,,,
4c858728-8fae-477c-a1fc-e5407a83b1dd,5ebf84bf-c467-49e7-35c0-d1e3dbf818b1,EUR 329900,EUR 329900,EUR 362890,,Open,,,,,,,,,,,,,Abdu,,3 Soi street. 7awary London,,,12112,London,,,DE,,,,,,,,,,2 Meda street. 7awary Munich,,,,,Abdu,,3 Soi street. 7awary London,,,12112,London,,,DE,,,,,,,,,,2 Meda street. 7awary Munich,
4c858728-8fae-477c-a1fc-e5407a83b1dd,5ebf84bf-c467-49e7-35c0-d1e3dbf818b1,,,,,,,,ebedd23f-80ac-473f-ae20-d255d9b3fc4b,cd9e0d15-a922-479a-bd82-a76d08633177,,,RCQB-01,1,EUR 329900,,,,,,,,,,,,,,,,,,,,,,,,,,,,,,,,,,,,,,,,,,,,,,,,
fb01b3ca-9774-407d-b6ef-23cd8e1d9129,b4eb9a57-97e5-4928-1fec-76599c7b35ae,GBP 85399,GBP 85399,GBP 93939,,Confirmed,Paid,,,,,,,,,,,,Abdu,,3 Soi street. 7awary London,,,12112,London,,,GB,,,,,,,,,,2 Meda street. 7awary Munich,,,,,Abdu,,3 Soi street. 7awary London,,,12112,London,,,GB,,,,,,,,,,2 Meda street. 7awary Munich,
fb01b3ca-9774-407d-b6ef-23cd8e1d9129,b4eb9a57-97e5-4928-1fec-76599c7b35ae,,,,,,,,6555b7e7-756b-41e8-a65f-77534f67f138,392b9743-6651-4ce7-a07a-f23278c3d169,,,ALC-01,1,GBP 75000,,,,,,,,,,,,,,,,,,,,,,,,,,,,,,,,,,,,,,,,,,,,,,,,
fb01b3ca-9774-407d-b6ef-23cd8e1d9129,b4eb9a57-97e5-4928-1fec-76599c7b35ae,,,,,,,,2d48d7a9-6a4f-4e62-92e7-7264fb00b9cf,4150d2d8-0b35-4c5e-b7dc-d3b00cd2253f,,,LCP-01,1,GBP 399,,,,,,,,,,,,,,,,,,,,,,,,,,,,,,,,,,,,,,,,,,,,,,,,
e946682f-8a34-4681-8c99-12ab8e9a2237,200f9e3a-b19c-43a9-2277-3af0bf4901cf,GBP 11999,GBP 11999,GBP 13199,,Confirmed,Paid,,,,,,,,,,,,jkscbjaksbc,,ububuibiu,,,22131,cainlkanc,,,GB,,,,,,,,,,,,,,,jkscbjaksbc,,ububuibiu,,,22131,cainlkanc,,,GB,,,,,,,,,,,
e946682f-8a34-4681-8c99-12ab8e9a2237,200f9e3a-b19c-43a9-2277-3af0bf4901cf,,,,,,,,d824cfb2-f2a4-4c28-985e-592f19c9b0e5,fdba72e8-715e-4ff5-aa5b-8d18a479b81c,,,GPC-01,1,GBP 1999,,,,,,,,,,,,,,,,,,,,,,,,,,,,,,,,,,,,,,,,,,,,,,,,
a5b7d32a-fdf1-4f82-bd7d-7bdf7f2ce2c4,5294-481b-0bf1,GBP 300910,GBP 300910,GBP 331001,,Confirmed,Paid,,,,,,,,,,,,Abdu,bek,7away London,,,23123,UK,,,GB,,,,,,,,,,,,,,,Abdu,bek,7away London,,,23123,UK,,,GB,,,,,,,,,,,
a5b7d32a-fdf1-4f82-bd7d-7bdf7f2ce2c4,5294-481b-0bf1,,,,,,,,833c95fa-2eb4-46af-984d-53b3da4f8467,a7ea7f8f-a204-4806-a0e0-7142ce0dc171,,,TTSS-01,1,GBP 239900|215910,,,,,,,,,,,,,,,,,,,,,,,,,,,,,,,,,,,,,,,,,,,,,,,,
a5b7d32a-fdf1-4f82-bd7d-7bdf7f2ce2c4,5294-481b-0bf1,,,,,,,,4b32b075-d918-4ff2-8295-cb993bc7d718,392b9743-6651-4ce7-a07a-f23278c3d169,,,ALC-01,1,GBP 75000,,,,,,,,,,,,,,,,,,,,,,,,,,,,,,,,,,,,,,,,,,,,,,,,
fe2fc258-1a93-4786-9cfd-3f8a5ce9684f,734a01b8-551c-4043-06f7-36f0aab4494c,GBP 281209,GBP 281209,GBP 309330,,Complete,,,,,,,,,,,,,Abdu,,3 Soi street. 7awary London,,,12112,London,,,GB,,,,,,,,,,2 Meda street. 7awary Munich,,,,,Abdu,,3 Soi street. 7awary London,,,12112,London,,,GB,,,,,,,,,,2 Meda street. 7awary Munich,
fe2fc258-1a93-4786-9cfd-3f8a5ce9684f,734a01b8-551c-4043-06f7-36f0aab4494c,,,,,,,,7485de31-bc78-46ff-bdce-5b852fe241b2,e72723d7-60fc-4c80-9986-dddbd2532b5f,,,MMST-01,1,GBP 12000,,,,,,,,,,,,,,,,,,,,,,,,,,,,,,,,,,,,,,,,,,,,,,,,
fe2fc258-1a93-4786-9cfd-3f8a5ce9684f,734a01b8-551c-4043-06f7-36f0aab4494c,,,,,,,,42051004-bdae-4ec8-b26e-83c42ee0b69c,a7ea7f8f-a204-4806-a0e0-7142ce0dc171,,,TTSS-01,1,GBP 239900|215910,,,,,,,,,,,,,,,,,,,,,,,,,,,,,,,,,,,,,,,,,,,,,,,,
fe2fc258-1a93-4786-9cfd-3f8a5ce9684f,734a01b8-551c-4043-06f7-36f0aab4494c,,,,,,,,d0ec2a1d-07f6-489f-abd8-50fc7b452237,4bd1de99-577b-4202-963e-fa12d2d9c379,,,ccg-01,1,GBP 3299,,,,,,,,,,,,,,,,,,,,,,,,,,,,,,,,,,,,,,,,,,,,,,,,
1437d908-68ec-4d86-829e-c8eaf822a30e,3abf73b6-6264-4ecd-0dc5-3a7f8c6cd6ef,GBP 341899,GBP 341899,GBP 376089,,Open,,,,,,,,,,,,,Abdu,,3 Soi street. 7awary London,,,12112,London,,,GB,,,,,,,,,,2 Meda street. 7awary Munich,,,,,Abdu,,3 Soi street. 7awary London,,,12112,London,,,GB,,,,,,,,,,2 Meda street. 7awary Munich,
1437d908-68ec-4d86-829e-c8eaf822a30e,3abf73b6-6264-4ecd-0dc5-3a7f8c6cd6ef,,,,,,,,81b4c005-8cbf-48ce-8f69-0f695ce44adc,fdba72e8-715e-4ff5-aa5b-8d18a479b81c,,,GPC-01,1,GBP 1999,,,,,,,,,,,,,,,,,,,,,,,,,,,,,,,,,,,,,,,,,,,,,,,,
1437d908-68ec-4d86-829e-c8eaf822a30e,3abf73b6-6264-4ecd-0dc5-3a7f8c6cd6ef,,,,,,,,4ca79075-08e1-48ff-9749-535dfc32beaa,cd9e0d15-a922-479a-bd82-a76d08633177,,,RCQB-01,1,GBP 329900,,,,,,,,,,,,,,,,,,,,,,,,,,,,,,,,,,,,,,,,,,,,,,,,
22cd5e2d-b875-4087-a97e-f956595a2fc9,c426a88b-63d8-454f-adb0-eccc77cd07e4,GBP 42797,GBP 42797,GBP 47077,,Open,,,,,,,,,,,,,2342,,234,,,234,234,,,GB,,,,,,,,,,432,,,,,2342,,234,,,234,234,,,GB,,,,,,,,,,432,
22cd5e2d-b875-4087-a97e-f956595a2fc9,c426a88b-63d8-454f-adb0-eccc77cd07e4,,,,,,,,c8e96c95-f05f-4c95-8a1c-296523b9953a,9dd119f7-66c6-4937-b068-600603cace78,,,GRCG-01,1,GBP 2799,,,,,,,,,,,,,,,,,,,,,,,,,,,,,,,,,,,,,,,,,,,,,,,,
22cd5e2d-b875-4087-a97e-f956595a2fc9,c426a88b-63d8-454f-adb0-eccc77cd07e4,,,,,,,,28a0cdad-d196-4a0a-84bb-450bad4d6c01,e72723d7-60fc-4c80-9986-dddbd2532b5f,,,MMST-01,1,GBP 12000,,,,,,,,,,,,,,,,,,,,,,,,,,,,,,,,,,,,,,,,,,,,,,,,
22cd5e2d-b875-4087-a97e-f956595a2fc9,c426a88b-63d8-454f-adb0-eccc77cd07e4,,,,,,,,f135629f-ea33-4b38-b152-07016c950272,0137fe43-2114-40d2-9879-d70e82c4a6d4,,,BLP-01,2,GBP 8999,,,,,,,,,,,,,,,,,,,,,,,,,,,,,,,,,,,,,,,,,,,,,,,,
569d4654-6b68-408a-a0ee-8d8b07ff3857,83275e34-0b55-4fb3-baad-4694806150f0,EUR 78000,EUR 78000,EUR 85800,,Open,,,,,,,,,,,,,Abdu,,3 Soi street. 7awary London,,,12112,London,,,DE,,,,,,,,,,2 Meda street. 7awary Munich,,,,,Abdu,,3 Soi street. 7awary London,,,12112,London,,,DE,,,,,,,,,,2 Meda street. 7awary Munich,
569d4654-6b68-408a-a0ee-8d8b07ff3857,83275e34-0b55-4fb3-baad-4694806150f0,,,,,,,,53ddf474-5f08-47a3-b44c-0883dd5db336,392b9743-6651-4ce7-a07a-f23278c3d169,,,ALC-01,1,DE-EUR 75000,,,,,,,,,,,,,,,,,,,,,,,,,,,,,,,,,,,,,,,,,,,,,,,,
569d4654-6b68-408a-a0ee-8d8b07ff3857,83275e34-0b55-4fb3-baad-4694806150f0,,,,,,,,59e0bf92-9725-4f36-b1ff-1e5897cb6712,9dd119f7-66c6-4937-b068-600603cace78,,,GRCG-01,1,EUR 3000,,,,,,,,,,,,,,,,,,,,,,,,,,,,,,,,,,,,,,,,,,,,,,,,
4342c308-6d86-418b-98ab-c499eb602606,f55e7f4b-fc4b-4d8e-0c47-756df450655d,GBP 30999,GBP 30999,GBP 34099,,Open,,,,,,,,,,,,,Abdu,,3 Soi street. 7awary London,,,12112,London,,,GB,,,,,,,,,,2 Meda street. 7awary Munich,,,,,Abdu,,3 Soi street. 7awary London,,,12112,London,,,GB,,,,,,,,,,2 Meda street. 7awary Munich,
4342c308-6d86-418b-98ab-c499eb602606,f55e7f4b-fc4b-4d8e-0c47-756df450655d,,,,,,,,9c6d0929-f850-4450-8a4b-e989305e0c1a,e72723d7-60fc-4c80-9986-dddbd2532b5f,,,MMST-01,1,GBP 12000,,,,,,,,,,,,,,,,,,,,,,,,,,,,,,,,,,,,,,,,,,,,,,,,
4342c308-6d86-418b-98ab-c499eb602606,f55e7f4b-fc4b-4d8e-0c47-756df450655d,,,,,,,,ed0800e8-ea86-4bca-884d-59c7dcb0049b,0137fe43-2114-40d2-9879-d70e82c4a6d4,,,BLP-01,1,GBP 8999,,,,,,,,,,,,,,,,,,,,,,,,,,,,,,,,,,,,,,,,,,,,,,,,
9ffff859-b1e6-4d8d-b336-a7d98b17e75d,03c7-a5c2-0671,GBP 2990296,GBP 2990296,GBP 3289326,,Confirmed,Paid,,,,,,,,,,,,Alexandra,Olsson,,,,52010,g,,,GB,,,,,,,,,,,,,,,Alexandra,Olsson,,,,52010,g,,,GB,,,,,,,,,,,
9ffff859-b1e6-4d8d-b336-a7d98b17e75d,03c7-a5c2-0671,,,,,,,,253293f8-47c4-4f9b-877d-d65fc7fcaeb6,0137fe43-2114-40d2-9879-d70e82c4a6d4,,,BLP-01,2,GBP 8999,,,,,,,,,,,,,,,,,,,,,,,,,,,,,,,,,,,,,,,,,,,,,,,,
9ffff859-b1e6-4d8d-b336-a7d98b17e75d,03c7-a5c2-0671,,,,,,,,214a8206-fcfd-4a31-8922-4b1407cd22f4,fdba72e8-715e-4ff5-aa5b-8d18a479b81c,,,GPC-01,1,GBP 1999,,,,,,,,,,,,,,,,,,,,,,,,,,,,,,,,,,,,,,,,,,,,,,,,
9ffff859-b1e6-4d8d-b336-a7d98b17e75d,03c7-a5c2-0671,,,,,,,,94f40a77-ff04-49c0-83c6-25a68b5fd7e5,392b9743-6651-4ce7-a07a-f23278c3d169,,,ALC-01,2,GBP 75000,,,,,,,,,,,,,,,,,,,,,,,,,,,,,,,,,,,,,,,,,,,,,,,,
9ffff859-b1e6-4d8d-b336-a7d98b17e75d,03c7-a5c2-0671,,,,,,,,9dd46a16-1a68-49af-bc3f-8a414bf58d01,4150d2d8-0b35-4c5e-b7dc-d3b00cd2253f,,,LCP-01,1,GBP 399,,,,,,,,,,,,,,,,,,,,,,,,,,,,,,,,,,,,,,,,,,,,,,,,
9ffff859-b1e6-4d8d-b336-a7d98b17e75d,03c7-a5c2-0671,,,,,,,,c99df245-1c9e-426a-a024-790b82e29763,0e56cf64-fa51-44e2-969a-3b3d6cd5bab3,,,MTSS-01,1,GBP 249900,,,,,,,,,,,,,,,,,,,,,,,,,,,,,,,,,,,,,,,,,,,,,,,,
9ffff859-b1e6-4d8d-b336-a7d98b17e75d,03c7-a5c2-0671,,,,,,,,4bd3ee96-0285-45f5-90e1-ea131db17828,eeecf113-e8db-4ea9-9f68-f18e3a56b9ac,,,ADCT-01,8,GBP 320000,,,,,,,,,,,,,,,,,,,,,,,,,,,,,,,,,,,,,,,,,,,,,,,,
35570b0d-02c0-4c8f-af3e-692dafd60ecc,9360-6eed-075a,GBP 330000,GBP 330000,GBP 363000,,Open,,,,,,,,,,,,,Alexandra,Olsson,Toppformsvägen 2,,,42363,Torslanda,,,GB,,,,,,0706048300,,,,,,,,,Alexandra,Olsson,Toppformsvägen 2,,,42363,Torslanda,,,GB,,,,,,0706048300,,,,,
35570b0d-02c0-4c8f-af3e-692dafd60ecc,9360-6eed-075a,,,,,,,,41c57b7c-421a-4fe4-af75-8003f600d004,eeecf113-e8db-4ea9-9f68-f18e3a56b9ac,,,ADCT-01,1,GBP 320000,,,,,,,,,,,,,,,,,,,,,,,,,,,,,,,,,,,,,,,,,,,,,,,,
f1584d40-e057-4a92-bbf6-23f927e57bf3,839f59d2-cd6e-42f1-33f6-0675df984d3d,GBP 90299,GBP 90299,GBP 99329,,Confirmed,Paid,,,,,,,,,,,,Abdu,,3 Soi street. 7awary London,,,12112,London,,,GB,,,,,,,,,,2 Meda street. 7awary Munich,,,,,Abdu,,3 Soi street. 7awary London,,,12112,London,,,GB,,,,,,,,,,2 Meda street. 7awary Munich,
f1584d40-e057-4a92-bbf6-23f927e57bf3,839f59d2-cd6e-42f1-33f6-0675df984d3d,,,,,,,,f726f6f8-7f0a-4b87-a408-1ecf5b2237f9,392b9743-6651-4ce7-a07a-f23278c3d169,,,ALC-01,1,GBP 75000,,,,,,,,,,,,,,,,,,,,,,,,,,,,,,,,,,,,,,,,,,,,,,,,
f1584d40-e057-4a92-bbf6-23f927e57bf3,839f59d2-cd6e-42f1-33f6-0675df984d3d,,,,,,,,98a7ef8a-068b-4146-8285-607699689fb2,e3fbb56f-ef89-4ba6-88ed-15486e50cc6d,,,MLP-01,1,GBP 5299,,,,,,,,,,,,,,,,,,,,,,,,,,,,,,,,,,,,,,,,,,,,,,,,
2de76448-2862-4e92-86f6-d3cc9331c104,fbcc4155-0608-4568-282e-a28bcf0333f8,GBP 29096,GBP 29096,GBP 32006,,Confirmed,Paid,Shipped,,,,,,,,,,,Abdu,,3 Soi street. 7awary London,,,12112,London,,,GB,,,,,,,,,,2 Meda street. 7awary Munich,,,,,Abdu,,3 Soi street. 7awary London,,,12112,London,,,GB,,,,,,,,,,2 Meda street. 7awary Munich,
2de76448-2862-4e92-86f6-d3cc9331c104,fbcc4155-0608-4568-282e-a28bcf0333f8,,,,,,,,1a27022c-75f9-48bc-98c5-e3d848d8efad,9dd119f7-66c6-4937-b068-600603cace78,,,GRCG-01,1,GBP 2799,,,,,,,,,,,,,,,,,,,,,,,,,,,,,,,,,,,,,,,,,,,,,,,,
2de76448-2862-4e92-86f6-d3cc9331c104,fbcc4155-0608-4568-282e-a28bcf0333f8,,,,,,,,c707c163-ae9a-4db1-be19-2f1fe9ab4b4e,fdba72e8-715e-4ff5-aa5b-8d18a479b81c,,,GPC-01,1,GBP 1999,,,,,,,,,,,,,,,,,,,,,,,,,,,,,,,,,,,,,,,,,,,,,,,,
2de76448-2862-4e92-86f6-d3cc9331c104,fbcc4155-0608-4568-282e-a28bcf0333f8,,,,,,,,e45a1b0f-4264-4d74-9477-698c967e41b3,e3fbb56f-ef89-4ba6-88ed-15486e50cc6d,,,MLP-01,1,GBP 5299,,,,,,,,,,,,,,,,,,,,,,,,,,,,,,,,,,,,,,,,,,,,,,,,
2de76448-2862-4e92-86f6-d3cc9331c104,fbcc4155-0608-4568-282e-a28bcf0333f8,,,,,,,,9becdb09-4f95-4527-a81b-e2bd0c1ca8a8,0137fe43-2114-40d2-9879-d70e82c4a6d4,,,BLP-01,1,GBP 8999,,,,,,,,,,,,,,,,,,,,,,,,,,,,,,,,,,,,,,,,,,,,,,,,
3cb05619-61da-4293-9931-5829c7e2156b,xxx-23123-sav123123-asd213,GBP 669800,GBP 669800,GBP 736780,,Confirmed,Paid,,,,,,,,,,,,Abdu,bek,7away London,,,23123,UK,,,GB,,,,,,,,,,,,,,,Abdu,bek,7away London,,,23123,UK,,,GB,,,,,,,,,,,
3cb05619-61da-4293-9931-5829c7e2156b,xxx-23123-sav123123-asd213,,,,,,,,974b62ca-49eb-4112-9aac-101b5733608b,cd9e0d15-a922-479a-bd82-a76d08633177,,,RCQB-01,2,GBP 329900,,,,,,,,,,,,,,,,,,,,,,,,,,,,,,,,,,,,,,,,,,,,,,,,
2027c3bd-6307-4893-bb7a-b0ebe7374d28,282f-6418-068f,GBP 35999,GBP 35999,GBP 39599,,Open,,,,,,,,,,,,,Test,,Andrius,,,12,15,,,GB,,,,,,,,,,,,,,,Test,,Andrius,,,12,15,,,GB,,,,,,,,,,,
2027c3bd-6307-4893-bb7a-b0ebe7374d28,282f-6418-068f,,,,,,,,aacc3eae-4f6d-46b3-9f5b-85665f2b5556,b46704ce-2f1e-4d1d-a72c-5e46b331be8b,,,GMCT-01,1,GBP 25999,,,,,,,,,,,,,,,,,,,,,,,,,,,,,,,,,,,,,,,,,,,,,,,,
41905951-af3a-4896-8258-abe0faab7e78,f05e099b-238d-45e0-042a-1a88e44892c1,GBP 441820,GBP 441820,GBP 486002,,Open,,,,,,,,,,,,,Mina,,ain shams,,,11771,cairo,,,GB,,,,,,,,,,,,,,,Mina,,ain shams,,,11771,cairo,,,GB,,,,,,,,,,,
41905951-af3a-4896-8258-abe0faab7e78,f05e099b-238d-45e0-042a-1a88e44892c1,,,,,,,,2698fc7c-e156-4aca-b850-cce20b2b1c72,a7ea7f8f-a204-4806-a0e0-7142ce0dc171,,,TTSS-01,2,GBP 239900|215910,,,,,,,,,,,,,,,,,,,,,,,,,,,,,,,,,,,,,,,,,,,,,,,,
c7864d76-bbc8-4b99-b4d0-b506340f112a,1fef-4e90-3e89,GBP 85000,GBP 85000,GBP 93500,,Confirmed,Paid,,,,,,,,,,,,sa,a,weed,,,12345,Berlin,,,GB,,,,,,1223304400040,,,,,,,,,sa,a,weed,,,12345,Berlin,,,GB,,,,,,1223304400040,,,,,
c7864d76-bbc8-4b99-b4d0-b506340f112a,1fef-4e90-3e89,,,,,,,,2346c0f5-5207-44f7-a6cf-27bcf227bd30,392b9743-6651-4ce7-a07a-f23278c3d169,,,ALC-01,1,GBP 75000,,,,,,,,,,,,,,,,,,,,,,,,,,,,,,,,,,,,,,,,,,,,,,,,
51ec4c32-d0ee-499a-9ceb-32a1c062c02e,41f3ca68-878f-4b00-3f23-378a2dd3036f,GBP 265910,GBP 265910,GBP 292501,,Confirmed,Paid,,,,,,,,,,,,Mina,,asudivasiu,,,11772,cairo,,,GB,,,,,,,,,,,,,,,Mina,,asudivasiu,,,11772,cairo,,,GB,,,,,,,,,,,
51ec4c32-d0ee-499a-9ceb-32a1c062c02e,41f3ca68-878f-4b00-3f23-378a2dd3036f,,,,,,,,1ad150ed-4722-4526-9a3f-0e0f681c8e1b,a7ea7f8f-a204-4806-a0e0-7142ce0dc171,,,TTSS-01,1,GBP 239900|215910,,,,,,,,,,,,,,,,,,,,,,,,,,,,,,,,,,,,,,,,,,,,,,,,
73c89acb-17c9-44a1-b778-615643dd5b39,6682-7750-89cb,GBP 49900,GBP 49900,GBP 54890,,Confirmed,Paid,,,,,,,,,W6xWAQuH,,,Abdu,Khaled,asdsad,,,21111,Montserrat,,,GB,,,,,,,,,,,,W6xWAQuH,,,Abdu,Khaled,asdsad,,,21111,Montserrat,,,GB,,,,,,,,,,,
73c89acb-17c9-44a1-b778-615643dd5b39,6682-7750-89cb,,,,,,,,471aefd9-e232-47a9-8ba7-b9ad71277f86,8c2ab190-f706-4a29-9f9c-db6e29f1f157,,,BA-092,1,GBP 39900,,,,,,,,,,,,,,,,,,,,,,,,,,,,,,,,,,,,,,,,,,,,,,,,
b5c42db7-2afd-4ea4-be7b-946cf4e9068b,704c671b-e9b9-406e-37c9-045d980af50c,GBP 190299,GBP 190299,GBP 209329,,Confirmed,Paid,,,,,,,,,,,,Abdu,,3 Soi street. 7awary London,,,12112,London,,,GB,,,,,,,,,,2 Meda street. 7awary Munich,,,,,Abdu,,3 Soi street. 7awary London,,,12112,London,,,GB,,,,,,,,,,2 Meda street. 7awary Munich,
b5c42db7-2afd-4ea4-be7b-946cf4e9068b,704c671b-e9b9-406e-37c9-045d980af50c,,,,,,,,58b6dd63-b5a4-4c90-b3f2-5f71eebb470c,d7602214-7edc-4815-a173-69bcacc4666e,,,MGD-01,1,GB-GBP 179900,,,,,,,,,,,,,,,,,,,,,,,,,,,,,,,,,,,,,,,,,,,,,,,,
b5c42db7-2afd-4ea4-be7b-946cf4e9068b,704c671b-e9b9-406e-37c9-045d980af50c,,,,,,,,2a11a215-2c5c-4f5d-9f9c-b456b03780b8,4150d2d8-0b35-4c5e-b7dc-d3b00cd2253f,,,LCP-01,1,GBP 399,,,,,,,,,,,,,,,,,,,,,,,,,,,,,,,,,,,,,,,,,,,,,,,,
b185c7f0-5277-47a7-b48c-e77fd903b8ec,7260-3700-ab29,GBP 339900,GBP 339900,GBP 373890,,Confirmed,Paid,,,,,,,,,,,,Philipp,,commercetools,,,12345,Munich,,,GB,,,,,,,,,,,,,,,Philipp,,commercetools,,,12345,Munich,,,GB,,,,,,,,,,,
b185c7f0-5277-47a7-b48c-e77fd903b8ec,7260-3700-ab29,,,,,,,,988475d2-5ba3-4b55-abf7-1e64dbfa61ba,cd9e0d15-a922-479a-bd82-a76d08633177,,,RCQB-01,1,GBP 329900,,,,,,,,,,,,,,,,,,,,,,,,,,,,,,,,,,,,,,,,,,,,,,,,
0320e11e-3573-45ab-8138-8ce81f2c9c45,f7e9-6177-97fa,GBP 225910,GBP 225910,GBP 248501,,Confirmed,Paid,,,,,,,,,,,,Abdu,bek,7away London,,,23123,UK,,,GB,,,,,,,,,,,,,,,Abdu,bek,7away London,,,23123,UK,,,GB,,,,,,,,,,,
0320e11e-3573-45ab-8138-8ce81f2c9c45,f7e9-6177-97fa,,,,,,,,cb5ff9d2-a1b9-461b-b67b-b33d7be9dbca,a7ea7f8f-a204-4806-a0e0-7142ce0dc171,,,TTSS-01,1,GBP 239900|215910,,,,,,,,,,,,,,,,,,,,,,,,,,,,,,,,,,,,,,,,,,,,,,,,
cee3ec4c-9363-4bab-97c1-b71ab2f874ab,fb6f-f524-0e80,GBP 12799,GBP 12799,GBP 14079,,Confirmed,Paid,,,,,,,,,,,,Abdu,,3 Soi street. 7awary London,,,12112,London,,,GB,,,,,,,,,,2 Meda street. 7awary Munich,,,,,Abdu,,3 Soi street. 7awary London,,,12112,London,,,GB,,,,,,,,,,2 Meda street. 7awary Munich,
cee3ec4c-9363-4bab-97c1-b71ab2f874ab,fb6f-f524-0e80,,,,,,,,20748296-3561-4fff-85b1-ba9fb7a5d959,9dd119f7-66c6-4937-b068-600603cace78,,,GRCG-01,1,GBP 2799,,,,,,,,,,,,,,,,,,,,,,,,,,,,,,,,,,,,,,,,,,,,,,,,
cd0954c6-36af-4eac-bc08-a1b8727ea9c2,e355-9663-bd8f,GBP 269800,GBP 269800,GBP 296780,,Confirmed,Paid,,,,,,,,,,,,dsfsdf,sdfsdf,dsfsdf,,,sdfsdf,dfdsf,,,GB,,,,,,fdsf,,,,,,,,,dsfsdf,sdfsdf,dsfsdf,,,sdfsdf,dfdsf,,,GB,,,,,,fdsf,,,,,
cd0954c6-36af-4eac-bc08-a1b8727ea9c2,e355-9663-bd8f,,,,,,,,e388866e-b735-47e9-9a5c-a8aad0cc3bce,c3c97be6-7f5b-4ba3-9f0a-079a507f01ee,,,NTSS-01,2,GBP 129900,,,,,,,,,,,,,,,,,,,,,,,,,,,,,,,,,,,,,,,,,,,,,,,,
4df423ee-e2f1-42ae-a89c-71c65a77ba0a,49586283-3f63-439a-38e0-73e124d9aa64,GBP 271698,GBP 271698,GBP 298868,,Open,,,,,,,,,,,,,Abdu,,3 Soi street. 7awary London,,,12112,London,,,GB,,,,,,,,,,2 Meda street. 7awary Munich,,,,,Abdu,,3 Soi street. 7awary London,,,12112,London,,,GB,,,,,,,,,,2 Meda street. 7awary Munich,
4df423ee-e2f1-42ae-a89c-71c65a77ba0a,49586283-3f63-439a-38e0-73e124d9aa64,,,,,,,,59997692-5e8a-4fab-a600-044a0d286800,9dd119f7-66c6-4937-b068-600603cace78,,,GRCG-01,1,GBP 2799,,,,,,,,,,,,,,,,,,,,,,,,,,,,,,,,,,,,,,,,,,,,,,,,
4df423ee-e2f1-42ae-a89c-71c65a77ba0a,49586283-3f63-439a-38e0-73e124d9aa64,,,,,,,,dd058a67-e583-44b6-a1b7-16c82ebd2258,0137fe43-2114-40d2-9879-d70e82c4a6d4,,,BLP-01,1,GBP 8999,,,,,,,,,,,,,,,,,,,,,,,,,,,,,,,,,,,,,,,,,,,,,,,,
4df423ee-e2f1-42ae-a89c-71c65a77ba0a,49586283-3f63-439a-38e0-73e124d9aa64,,,,,,,,9155bb37-72a7-40ca-a72c-5b280438086c,0e56cf64-fa51-44e2-969a-3b3d6cd5bab3,,,MTSS-01,1,GBP 249900,,,,,,,,,,,,,,,,,,,,,,,,,,,,,,,,,,,,,,,,,,,,,,,,
284d7c24-2c07-4db3-81f9-82a9ea6041e2,c34b-98aa-8719,GBP 15299,GBP 15299,GBP 16829,,Confirmed,Paid,,,,,,,,,,,,",n",,hjbm,,,8u473,fjdsndf,,,GB,,,,,,,,,,,,,,,",n",,hjbm,,,8u473,fjdsndf,,,GB,,,,,,,,,,,
284d7c24-2c07-4db3-81f9-82a9ea6041e2,c34b-98aa-8719,,,,,,,,577347b8-c40e-4a49-a9e6-65a49bd99102,e3fbb56f-ef89-4ba6-88ed-15486e50cc6d,,,MLP-01,1,GBP 5299,,,,,,,,,,,,,,,,,,,,,,,,,,,,,,,,,,,,,,,,,,,,,,,,
a9b7586f-ea7c-48b4-892e-a1c88133b642,e986-253e-b5c5,GBP 226309,GBP 226309,GBP 248940,,Confirmed,Paid,,,,,,,,,,,,sadsad,,sad,,,sad,asd,,,GB,,,,,,sad,,,,,,,,,sadsad,,sad,,,sad,asd,,,GB,,,,,,sad,,,,,
a9b7586f-ea7c-48b4-892e-a1c88133b642,e986-253e-b5c5,,,,,,,,6389acc0-39ea-4f5d-8bec-3485f996a7fc,4150d2d8-0b35-4c5e-b7dc-d3b00cd2253f,,,LCP-01,1,GBP 399,,,,,,,,,,,,,,,,,,,,,,,,,,,,,,,,,,,,,,,,,,,,,,,,
a9b7586f-ea7c-48b4-892e-a1c88133b642,e986-253e-b5c5,,,,,,,,701cec98-6d48-4902-928d-f6dcafba1b36,a7ea7f8f-a204-4806-a0e0-7142ce0dc171,,,TTSS-01,1,GBP 239900|215910,,,,,,,,,,,,,,,,,,,,,,,,,,,,,,,,,,,,,,,,,,,,,,,,
17aa56e4-ef1c-41bb-b32a-3f5340ef3ece,89aa4cbb-1e40-4b15-37d6-984885c5e131,GBP 85000,GBP 85000,GBP 93500,,Open,,,,,,,,,,,,,Mina,,my street,,,11772,cairo,,,GB,,,,,,,,,,,,,,,Mina,,my street,,,11772,cairo,,,GB,,,,,,,,,,,
17aa56e4-ef1c-41bb-b32a-3f5340ef3ece,89aa4cbb-1e40-4b15-37d6-984885c5e131,,,,,,,,e3d041ff-770f-4277-830b-7960f6ec076d,392b9743-6651-4ce7-a07a-f23278c3d169,,,ALC-01,1,GBP 75000,,,,,,,,,,,,,,,,,,,,,,,,,,,,,,,,,,,,,,,,,,,,,,,,
487f0e54-c87f-48bd-a803-c813e7e621ca,3268-43c4-10ae,GBP 341899,GBP 341899,GBP 376089,,Confirmed,Paid,,,,,,,,,T4ffn5fa,,,Abdu,bek,7away London,,,23123,UK,,,GB,,,,,,,,,,,,T4ffn5fa,,,Abdu,bek,7away London,,,23123,UK,,,GB,,,,,,,,,,,
487f0e54-c87f-48bd-a803-c813e7e621ca,3268-43c4-10ae,,,,,,,,5b33f9b3-dabf-4380-b541-90474c99027e,cd9e0d15-a922-479a-bd82-a76d08633177,,,RCQB-01,1,GBP 329900,,,,,,,,,,,,,,,,,,,,,,,,,,,,,,,,,,,,,,,,,,,,,,,,
487f0e54-c87f-48bd-a803-c813e7e621ca,3268-43c4-10ae,,,,,,,,e856282a-cec3-43b0-9b6b-67afbec03df7,fdba72e8-715e-4ff5-aa5b-8d18a479b81c,,,GPC-01,1,GBP 1999,,,,,,,,,,,,,,,,,,,,,,,,,,,,,,,,,,,,,,,,,,,,,,,,
61071382-f5ae-4dbf-b185-34fae955a8af,7759a6bc-1a99-4812-92a5-74a7ef177a0d,GBP 289910,GBP 289910,GBP 318901,,Confirmed,Paid,,,,,,,,,,,,Abdu,,3 Soi street. 7awary London,,,12112,London,,,GB,,,,,,,,,,2 Meda street. 7awary Munich,,,,,Abdu,,3 Soi street. 7awary London,,,12112,London,,,GB,,,,,,,,,,2 Meda street. 7awary Munich,
61071382-f5ae-4dbf-b185-34fae955a8af,7759a6bc-1a99-4812-92a5-74a7ef177a0d,,,,,,,,11a76d92-cfdb-4c3c-951d-4d7d0e84f649,e72723d7-60fc-4c80-9986-dddbd2532b5f,,,MMST-01,2,GBP 12000,,,,,,,,,,,,,,,,,,,,,,,,,,,,,,,,,,,,,,,,,,,,,,,,
61071382-f5ae-4dbf-b185-34fae955a8af,7759a6bc-1a99-4812-92a5-74a7ef177a0d,,,,,,,,916dec5d-c6ab-4633-a378-ea54bf26a4f8,a7ea7f8f-a204-4806-a0e0-7142ce0dc171,,,TTSS-01,1,GBP 239900|215910,,,,,,,,,,,,,,,,,,,,,,,,,,,,,,,,,,,,,,,,,,,,,,,,
cd0791ca-7fb8-4ec1-998e-99e226df0cda,be16-d5fb-8fc8,GBP 12599,GBP 12599,GBP 13859,,Confirmed,Paid,,,,,,,,,,,,Andrius,,akdjfakjfdk,,,515,jkaunas,,,GB,,,,,,kjfakjfk,,,,,,,,,Andrius,,akdjfakjfdk,,,515,jkaunas,,,GB,,,,,,kjfakjfk,,,,,
cd0791ca-7fb8-4ec1-998e-99e226df0cda,be16-d5fb-8fc8,,,,,,,,785e9889-7548-44b4-bd79-8f398e1f3880,5ad176e4-1f88-4627-9c53-df14847e7e3d,,,CWG-01,1,GBP 2599,,,,,,,,,,,,,,,,,,,,,,,,,,,,,,,,,,,,,,,,,,,,,,,,
275313bb-626b-4dc3-8b22-bef2dcba5b4d,913c-1b2b-1972,GBP 10399,GBP 10399,GBP 11439,,Confirmed,Paid,,,,,,,,,,,,Andrius,,akjfkaj,,,5547,kaunas,,,GB,,,,,,,,,,,,,,,Andrius,,akjfkaj,,,5547,kaunas,,,GB,,,,,,,,,,,
275313bb-626b-4dc3-8b22-bef2dcba5b4d,913c-1b2b-1972,,,,,,,,bfb73442-b778-44f9-af1c-1b5510324e9c,4150d2d8-0b35-4c5e-b7dc-d3b00cd2253f,,,LCP-01,1,GBP 399,,,,,,,,,,,,,,,,,,,,,,,,,,,,,,,,,,,,,,,,,,,,,,,,
e1ff4268-f97f-41c4-853d-b617102fa155,8c163eab-68cb-40e2-a460-a165f3c8dc31,GBP 50399,GBP 50399,GBP 55439,,Confirmed,Paid,,,,,,,,,,,,Mina,Badrous,17 ain shams,,,11772,cairo,,,GB,,,,,,01287464969,,,,,,,,,Mina,Badrous,17 ain shams,,,11772,cairo,,,GB,,,,,,01287464969,,,,,
e1ff4268-f97f-41c4-853d-b617102fa155,8c163eab-68cb-40e2-a460-a165f3c8dc31,,,,,,,,78e10807-3e2c-4eca-b6a0-ea0e3638db69,4150d2d8-0b35-4c5e-b7dc-d3b00cd2253f,,,LCP-01,1,GBP 399,,,,,,,,,,,,,,,,,,,,,,,,,,,,,,,,,,,,,,,,,,,,,,,,
52b857da-5795-46c5-897d-63732ff7f858,7416-f35d-b0f8,GBP 226609,GBP 226609,GBP 249270,,Confirmed,Paid,,,,,,,,,,,,Ahmed,Amir,Markaz Fa2oos el dawly,,,55555,El5arya elgedida,,,GB,,,,,,,,,,Ksm el sisi,,,,,Ahmed,Amir,Markaz Fa2oos el dawly,,,55555,El5arya elgedida,,,GB,,,,,,,,,,Ksm el sisi,
52b857da-5795-46c5-897d-63732ff7f858,7416-f35d-b0f8,,,,,,,,f67209e4-a8f1-45e8-88fb-1d4d5f42fc00,a7ea7f8f-a204-4806-a0e0-7142ce0dc171,,,TTSS-01,1,GBP 239900|215910,,,,,,,,,,,,,,,,,,,,,,,,,,,,,,,,,,,,,,,,,,,,,,,,
52b857da-5795-46c5-897d-63732ff7f858,7416-f35d-b0f8,,,,,,,,0d759d48-bbd4-4d5c-b964-6f0306dff8fe,04cac727-d2a8-4de3-badf-3e68548d88b7,,,SPC-01,1,GBP 699,,,,,,,,,,,,,,,,,,,,,,,,,,,,,,,,,,,,,,,,,,,,,,,,
85267c9f-a7d1-4ec5-b9f1-e2c8ac8bbcc3,a64af48f-71be-4b29-a689-278f9402c92a,GBP 225910,GBP 225910,GBP 248501,,Complete,,,,,,,,,,,,,Abdu,,3 Soi street. 7awary London,,,12112,London,,,GB,,,,,,,,,,2 Meda street. 7awary Munich,,,,,Abdu,,3 Soi street. 7awary London,,,12112,London,,,GB,,,,,,,,,,2 Meda street. 7awary Munich,
85267c9f-a7d1-4ec5-b9f1-e2c8ac8bbcc3,a64af48f-71be-4b29-a689-278f9402c92a,,,,,,,,15c5d89b-116a-4c8b-9408-83c335df4f16,a7ea7f8f-a204-4806-a0e0-7142ce0dc171,,,TTSS-01,1,GBP 239900|215910,,,,,,,,,,,,,,,,,,,,,,,,,,,,,,,,,,,,,,,,,,,,,,,,
4d19e6e6-9aed-49c6-b651-b54579cdcb66,502aa9a8-ea4a-4a5f-232e-b0fab13722fb,GBP 18999,GBP 18999,GBP 20899,,Open,,,,,,,,,,,,,hsvjlcvahjv,,jhcavhjcvsajhvj,,,12345,cairo,,,GB,,,,,,,,,,,,,,,hsvjlcvahjv,,jhcavhjcvsajhvj,,,12345,cairo,,,GB,,,,,,,,,,,
4d19e6e6-9aed-49c6-b651-b54579cdcb66,502aa9a8-ea4a-4a5f-232e-b0fab13722fb,,,,,,,,5c08ab2a-a8c4-4f8a-8f53-74811ba04597,0137fe43-2114-40d2-9879-d70e82c4a6d4,,,BLP-01,1,GBP 8999,,,,,,,,,,,,,,,,,,,,,,,,,,,,,,,,,,,,,,,,,,,,,,,,
8581bb7f-3799-4bc6-a37c-b2969a626b61,853de76b-4f50-4646-9762-febb0daf9418,GBP 62000,GBP 62000,GBP 68200,,Confirmed,Paid,,,,,,,,,,,,Mina,Badrous,AIN SHAMS,,,11772,cairo,,,GB,,,,,,01287464969,,,,,,,,,Mina,Badrous,AIN SHAMS,,,11772,cairo,,,GB,,,,,,01287464969,,,,,
8581bb7f-3799-4bc6-a37c-b2969a626b61,853de76b-4f50-4646-9762-febb0daf9418,,,,,,,,dec038b2-ee96-4db1-a83d-81508ee66b24,e72723d7-60fc-4c80-9986-dddbd2532b5f,,,MMST-01,1,GBP 12000,,,,,,,,,,,,,,,,,,,,,,,,,,,,,,,,,,,,,,,,,,,,,,,,
2201b580-ba3b-42c7-a390-c1a8eaa99643,351e-4ef6-1d39,GBP 339900,GBP 339900,GBP 373890,,Open,,,,,,,,,,,,,Abdu,,3 Soi street. 7awary London,,,12112,London,,,GB,,,,,,,,,,2 Meda street. 7awary Munich,,,,,Abdu,,3 Soi street. 7awary London,,,12112,London,,,GB,,,,,,,,,,2 Meda street. 7awary Munich,
2201b580-ba3b-42c7-a390-c1a8eaa99643,351e-4ef6-1d39,,,,,,,,3f166357-1828-4bb6-b5a1-9f969a72efdc,cd9e0d15-a922-479a-bd82-a76d08633177,,,RCQB-01,1,GBP 329900,,,,,,,,,,,,,,,,,,,,,,,,,,,,,,,,,,,,,,,,,,,,,,,,
8c94a65f-b086-4cca-8af4-ea0ba6123707,ad63-3e1e-84c5,GBP 339900,GBP 339900,GBP 373890,,Confirmed,Paid,,,,,,,,,,,,Ahmed,Amir,Markaz Fa2oos el dawly,,,55555,El5arya elgedida,,,GB,,,,,,,,,,Ksm el sisi,,,,,Ahmed,Amir,Markaz Fa2oos el dawly,,,55555,El5arya elgedida,,,GB,,,,,,,,,,Ksm el sisi,
8c94a65f-b086-4cca-8af4-ea0ba6123707,ad63-3e1e-84c5,,,,,,,,503bbd79-9a3e-43ab-b055-d57c36930192,cd9e0d15-a922-479a-bd82-a76d08633177,,,RCQB-01,1,GBP 329900,,,,,,,,,,,,,,,,,,,,,,,,,,,,,,,,,,,,,,,,,,,,,,,,
fcce83ee-fa3a-44cf-a976-2f1162ea3f18,a1710f3c-7f4e-4575-0b16-3a78af6df57e,GBP 189900,GBP 189900,GBP 208890,,Open,,,,,,,,,,,,,Mina,Badrous,my street,,,11772,Cairo,,,GB,,,,,,,,,,,,,,,Mina,Badrous,my street,,,11772,Cairo,,,GB,,,,,,,,,,,
fcce83ee-fa3a-44cf-a976-2f1162ea3f18,a1710f3c-7f4e-4575-0b16-3a78af6df57e,,,,,,,,9231a4c8-0969-4a35-8019-e8b2e99efc0a,d7602214-7edc-4815-a173-69bcacc4666e,,,MGD-01,1,GB-GBP 179900,,,,,,,,,,,,,,,,,,,,,,,,,,,,,,,,,,,,,,,,,,,,,,,,
b4e33112-ef1f-45d1-bc88-01c665584e59,049c69ff-59fa-4780-169a-151cddb82391,GBP 678799,GBP 678799,GBP 746679,,Confirmed,,,,,,,,,,,,,Abdu,,3 Soi street. 7awary London,,,12112,London,,,GB,,,,,,,,,,2 Meda street. 7awary Munich,,,,,Abdu,,3 Soi street. 7awary London,,,12112,London,,,GB,,,,,,,,,,2 Meda street. 7awary Munich,
b4e33112-ef1f-45d1-bc88-01c665584e59,049c69ff-59fa-4780-169a-151cddb82391,,,,,,,,2891ce09-9cd9-4e21-abce-5a6ea5fb22b7,cd9e0d15-a922-479a-bd82-a76d08633177,,,RCQB-01,2,GBP 329900,,,,,,,,,,,,,,,,,,,,,,,,,,,,,,,,,,,,,,,,,,,,,,,,
b4e33112-ef1f-45d1-bc88-01c665584e59,049c69ff-59fa-4780-169a-151cddb82391,,,,,,,,db2fe675-0b3a-44ad-9e5a-1971de80cab2,0137fe43-2114-40d2-9879-d70e82c4a6d4,,,BLP-01,1,GBP 8999,,,,,,,,,,,,,,,,,,,,,,,,,,,,,,,,,,,,,,,,,,,,,,,,
11db9f53-51b6-46e1-b010-fad0696db453,0fc0fd80-7209-4160-2e12-300d51cc5382,EUR 380910,EUR 380910,EUR 419001,,Open,,,,,,,,,,,,,Abdu,,3 Soi street. 7awary London,,,12112,London,,,DE,,,,,,,,,,2 Meda street. 7awary Munich,,,,,Abdu,,3 Soi street. 7awary London,,,12112,London,,,DE,,,,,,,,,,2 Meda street. 7awary Munich,
11db9f53-51b6-46e1-b010-fad0696db453,0fc0fd80-7209-4160-2e12-300d51cc5382,,,,,,,,0d8cdb8c-4514-41ce-8926-322a88763407,9dd119f7-66c6-4937-b068-600603cace78,,,GRCG-01,1,EUR 3000,,,,,,,,,,,,,,,,,,,,,,,,,,,,,,,,,,,,,,,,,,,,,,,,
11db9f53-51b6-46e1-b010-fad0696db453,0fc0fd80-7209-4160-2e12-300d51cc5382,,,,,,,,788cd89a-f3a5-47ab-826f-4438fb006541,e72723d7-60fc-4c80-9986-dddbd2532b5f,,,MMST-01,1,EUR 12000,,,,,,,,,,,,,,,,,,,,,,,,,,,,,,,,,,,,,,,,,,,,,,,,
11db9f53-51b6-46e1-b010-fad0696db453,0fc0fd80-7209-4160-2e12-300d51cc5382,,,,,,,,651b87d2-e982-46e1-a219-69687a542303,392b9743-6651-4ce7-a07a-f23278c3d169,,,ALC-01,2,DE-EUR 75000,,,,,,,,,,,,,,,,,,,,,,,,,,,,,,,,,,,,,,,,,,,,,,,,
11db9f53-51b6-46e1-b010-fad0696db453,0fc0fd80-7209-4160-2e12-300d51cc5382,,,,,,,,e8514e5e-8c67-4992-8159-0f7baa4d7615,a7ea7f8f-a204-4806-a0e0-7142ce0dc171,,,TTSS-01,1,EUR 239900|215910,,,,,,,,,,,,,,,,,,,,,,,,,,,,,,,,,,,,,,,,,,,,,,,,
1688b8e4-9762-47e1-a163-da6932b04751,,GBP 11500,GBP 11500,GBP 12650,,Open,,,,,,,,,,VUyeLvYV,,,Home,,Baranausko str-13-21,,,LT-54754,Kaunas,,,GB,,,,,,,,,,,,VUyeLvYV,,,Home,,Baranausko str-13-21,,,LT-54754,Kaunas,,,GB,,,,,,,,,,,
34f44495-4eae-4ee4-87cd-7ac06f8f249b,fb53-90b9-2ad6,GBP 225910,GBP 225910,GBP 248501,,Confirmed,Paid,,,,,,,,,,,,Abdu,bek,7away London,,,23123,UK,,,GB,,,,,,,,,,,,,,,Abdu,bek,7away London,,,23123,UK,,,GB,,,,,,,,,,,
34f44495-4eae-4ee4-87cd-7ac06f8f249b,fb53-90b9-2ad6,,,,,,,,a95d0659-4ca5-4cfc-a3b9-2ded8e45a121,a7ea7f8f-a204-4806-a0e0-7142ce0dc171,,,TTSS-01,1,GBP 239900|215910,,,,,,,,,,,,,,,,,,,,,,,,,,,,,,,,,,,,,,,,,,,,,,,,
231865f9-4e2a-42e9-a65c-92e340666eb6,0d61-1afa-aa12,GBP 189900,GBP 189900,GBP 208890,,Confirmed,Paid,,,,,,,,,,,,Hello,,111,,,1,1,,,GB,,,,,,,,,,,,,,,Hello,,111,,,1,1,,,GB,,,,,,,,,,,
231865f9-4e2a-42e9-a65c-92e340666eb6,0d61-1afa-aa12,,,,,,,,2d6fd02a-414b-40b5-aba1-7fbb33730d4e,d7602214-7edc-4815-a173-69bcacc4666e,,,MGD-01,1,GB-GBP 179900,,,,,,,,,,,,,,,,,,,,,,,,,,,,,,,,,,,,,,,,,,,,,,,,
1e5c88ed-e668-43e9-9f8f-ab9d331168e3,bcfa319e-c895-4c74-bd43-c1e5f217ffc5,GBP 97000,GBP 97000,GBP 106700,,Confirmed,,,,,,,,,,,,,Abdu,,3 Soi street. 7awary London,,,12112,London,,,GB,,,,,,,,,,2 Meda street. 7awary Munich,,,,,Abdu,,3 Soi street. 7awary London,,,12112,London,,,GB,,,,,,,,,,2 Meda street. 7awary Munich,
1e5c88ed-e668-43e9-9f8f-ab9d331168e3,bcfa319e-c895-4c74-bd43-c1e5f217ffc5,,,,,,,,a2ff29bd-dd64-4740-87bd-700c76757a64,392b9743-6651-4ce7-a07a-f23278c3d169,,,ALC-01,1,GBP 75000,,,,,,,,,,,,,,,,,,,,,,,,,,,,,,,,,,,,,,,,,,,,,,,,
1e5c88ed-e668-43e9-9f8f-ab9d331168e3,bcfa319e-c895-4c74-bd43-c1e5f217ffc5,,,,,,,,d4928c15-cfb4-44ae-af5c-95627b825f6d,e72723d7-60fc-4c80-9986-dddbd2532b5f,,,MMST-01,1,GBP 12000,,,,,,,,,,,,,,,,,,,,,,,,,,,,,,,,,,,,,,,,,,,,,,,,
f9f7f769-37dd-4fea-ae03-ab079e78e82b,36ba0ccd-172e-4a66-0fc0-3a8887e20922,GBP 85399,GBP 85399,GBP 93939,,Confirmed,Paid,,,,,,,,,,,,Abdu,,3 Soi street. 7awary London,,,12112,London,,,GB,,,,,,,,,,2 Meda street. 7awary Munich,,,,,Abdu,,3 Soi street. 7awary London,,,12112,London,,,GB,,,,,,,,,,2 Meda street. 7awary Munich,
f9f7f769-37dd-4fea-ae03-ab079e78e82b,36ba0ccd-172e-4a66-0fc0-3a8887e20922,,,,,,,,d1b1db52-a819-45ba-a6ff-c60bcf5edd27,4150d2d8-0b35-4c5e-b7dc-d3b00cd2253f,,,LCP-01,1,GBP 399,,,,,,,,,,,,,,,,,,,,,,,,,,,,,,,,,,,,,,,,,,,,,,,,
f9f7f769-37dd-4fea-ae03-ab079e78e82b,36ba0ccd-172e-4a66-0fc0-3a8887e20922,,,,,,,,64c76e17-0a8f-41a2-84a6-fe1b5292ba07,392b9743-6651-4ce7-a07a-f23278c3d169,,,ALC-01,1,GBP 75000,,,,,,,,,,,,,,,,,,,,,,,,,,,,,,,,,,,,,,,,,,,,,,,,
d3cfa8d2-f744-47eb-9052-6bf7ca56f7a1,2c9c-7626-9f3b,GBP 66499,GBP 66499,GBP 73149,,Confirmed,Paid,,,,,,,,,W6xWAQuH,,,Abdu,Khaled,asdsad,,,21111,Montserrat,,,GB,,,,,,,,,,,,W6xWAQuH,,,Abdu,Khaled,asdsad,,,21111,Montserrat,,,GB,,,,,,,,,,,
d3cfa8d2-f744-47eb-9052-6bf7ca56f7a1,2c9c-7626-9f3b,,,,,,,,a43e6b15-b1f3-447d-b2c0-d02313da86b8,bb9ad011-a4a6-4904-9b60-759616ebc479,,,ESP-01,1,GBP 1599,,,,,,,,,,,,,,,,,,,,,,,,,,,,,,,,,,,,,,,,,,,,,,,,
d3cfa8d2-f744-47eb-9052-6bf7ca56f7a1,2c9c-7626-9f3b,,,,,,,,23f91da3-9616-42a6-b178-1fc8d4668477,e6b11bb7-1e3c-49d9-a39b-0a6dd647c527,,,CTSS-0983,1,GBP 54900,,,,,,,,,,,,,,,,,,,,,,,,,,,,,,,,,,,,,,,,,,,,,,,,
dd7c925c-9c5b-48eb-b935-ce1af48e98dd,6a7abbf7-29de-45ce-bca4-0496debed4dc,GBP 1479497,GBP 1479497,GBP 1627447,,Open,,,,,,,,,,,,,dfsdf,,dsfdsf,,,34354,dfssfsdf,,,GB,,,,,,,,,,dfd,,,,,dfsdf,,dsfdsf,,,34354,dfssfsdf,,,GB,,,,,,,,,,dfd,
dd7c925c-9c5b-48eb-b935-ce1af48e98dd,6a7abbf7-29de-45ce-bca4-0496debed4dc,,,,,,,,8a015deb-703b-4f22-aa45-13fd932455bf,9dd119f7-66c6-4937-b068-600603cace78,,,GRCG-01,1,GBP 2799,,,,,,,,,,,,,,,,,,,,,,,,,,,,,,,,,,,,,,,,,,,,,,,,
dd7c925c-9c5b-48eb-b935-ce1af48e98dd,6a7abbf7-29de-45ce-bca4-0496debed4dc,,,,,,,,6fad1c68-0199-4b3d-97c7-680fa822eef6,20ff962b-9355-43b7-913e-fe1bfa1ab33a,,,MUQB-01,3,GBP 259900,,,,,,,,,,,,,,,,,,,,,,,,,,,,,,,,,,,,,,,,,,,,,,,,
dd7c925c-9c5b-48eb-b935-ce1af48e98dd,6a7abbf7-29de-45ce-bca4-0496debed4dc,,,,,,,,2e99b34d-5453-49f9-8a46-574f5aefc549,0e56cf64-fa51-44e2-969a-3b3d6cd5bab3,,,MTSS-01,2,GBP 249900,,,,,,,,,,,,,,,,,,,,,,,,,,,,,,,,,,,,,,,,,,,,,,,,
dd7c925c-9c5b-48eb-b935-ce1af48e98dd,6a7abbf7-29de-45ce-bca4-0496debed4dc,,,,,,,,a3c6257e-f275-436f-9e1e-31835410caac,fdba72e8-715e-4ff5-aa5b-8d18a479b81c,,,GPC-01,1,GBP 1999,,,,,,,,,,,,,,,,,,,,,,,,,,,,,,,,,,,,,,,,,,,,,,,,
dd7c925c-9c5b-48eb-b935-ce1af48e98dd,6a7abbf7-29de-45ce-bca4-0496debed4dc,,,,,,,,1438f122-a80e-4646-8bbb-09a3820c3442,d7602214-7edc-4815-a173-69bcacc4666e,,,MGD-01,1,GB-GBP 179900,,,,,,,,,,,,,,,,,,,,,,,,,,,,,,,,,,,,,,,,,,,,,,,,
dd7c925c-9c5b-48eb-b935-ce1af48e98dd,6a7abbf7-29de-45ce-bca4-0496debed4dc,,,,,,,,ca8689ee-1546-4502-9961-e252c35adca2,e3fbb56f-ef89-4ba6-88ed-15486e50cc6d,,,MLP-01,1,GBP 5299,,,,,,,,,,,,,,,,,,,,,,,,,,,,,,,,,,,,,,,,,,,,,,,,
68c39459-fe8c-40ec-a1f0-c92186b29542,f0aa3e51-ca45-406a-34e6-188c0551ea50,GBP 416899,GBP 416899,GBP 458589,,Open,,,,,,,,,,,,,Abdu,,3 Soi street. 7awary London,,,12112,London,,,GB,,,,,,,,,,2 Meda street. 7awary Munich,,,,,Abdu,,3 Soi street. 7awary London,,,12112,London,,,GB,,,,,,,,,,2 Meda street. 7awary Munich,
68c39459-fe8c-40ec-a1f0-c92186b29542,f0aa3e51-ca45-406a-34e6-188c0551ea50,,,,,,,,8b6d0177-62ab-4faf-bb5f-386e55edeacd,fdba72e8-715e-4ff5-aa5b-8d18a479b81c,,,GPC-01,1,GBP 1999,,,,,,,,,,,,,,,,,,,,,,,,,,,,,,,,,,,,,,,,,,,,,,,,
68c39459-fe8c-40ec-a1f0-c92186b29542,f0aa3e51-ca45-406a-34e6-188c0551ea50,,,,,,,,8bbbdfaf-fa14-4fb2-81fd-64dedc9b23a5,cd9e0d15-a922-479a-bd82-a76d08633177,,,RCQB-01,1,GBP 329900,,,,,,,,,,,,,,,,,,,,,,,,,,,,,,,,,,,,,,,,,,,,,,,,
68c39459-fe8c-40ec-a1f0-c92186b29542,f0aa3e51-ca45-406a-34e6-188c0551ea50,,,,,,,,085daaa0-4ec0-4b14-8274-8036a80ce5e3,392b9743-6651-4ce7-a07a-f23278c3d169,,,ALC-01,1,GBP 75000,,,,,,,,,,,,,,,,,,,,,,,,,,,,,,,,,,,,,,,,,,,,,,,,
f8aedaa0-066e-4eed-a412-3826dbb7eb51,c12beb16-34a3-409a-8d0a-16df1a24d001,GBP 237910,GBP 237910,GBP 261701,,Confirmed,Paid,,,,,,,,,,,,Abdu,,3 Soi street. 7awary London,,,12112,London,,,GB,,,,,,,,,,2 Meda street. 7awary Munich,,,,,Abdu,,3 Soi street. 7awary London,,,12112,London,,,GB,,,,,,,,,,2 Meda street. 7awary Munich,
f8aedaa0-066e-4eed-a412-3826dbb7eb51,c12beb16-34a3-409a-8d0a-16df1a24d001,,,,,,,,dc82585c-8cf8-4d32-a832-072ac797a158,a7ea7f8f-a204-4806-a0e0-7142ce0dc171,,,TTSS-01,1,GBP 239900|215910,,,,,,,,,,,,,,,,,,,,,,,,,,,,,,,,,,,,,,,,,,,,,,,,
f8aedaa0-066e-4eed-a412-3826dbb7eb51,c12beb16-34a3-409a-8d0a-16df1a24d001,,,,,,,,4d55a049-a67c-47a3-a9cd-27839585f1d2,e72723d7-60fc-4c80-9986-dddbd2532b5f,,,MMST-01,1,GBP 12000,,,,,,,,,,,,,,,,,,,,,,,,,,,,,,,,,,,,,,,,,,,,,,,,
7338f3b8-97b2-41f0-81f7-de30740a430a,33ab-ab13-935a,GBP 52799,GBP 52799,GBP 58079,,Confirmed,Paid,,,,,,,,,,,,Ahmed,Amir,Markaz Fa2oos el dawly,,,55555,El5arya elgedida,,,GB,,,,,,,,,,Ksm el sisi,,,,,Ahmed,Amir,Markaz Fa2oos el dawly,,,55555,El5arya elgedida,,,GB,,,,,,,,,,Ksm el sisi,
7338f3b8-97b2-41f0-81f7-de30740a430a,33ab-ab13-935a,,,,,,,,f8d677ca-f81b-42dd-a99c-b795dbb9c99c,9dd119f7-66c6-4937-b068-600603cace78,,,GRCG-01,1,GBP 2799,,,,,,,,,,,,,,,,,,,,,,,,,,,,,,,,,,,,,,,,,,,,,,,,
ef77108b-800d-47f0-bcb8-f50e3730b4b4,2796-e6cd-abd1,EUR 612899,EUR 612899,EUR 674189,,Confirmed,Paid,,,,,,,,,,,,Abdu,bek,7away London,,,23123,UK,,,DE,,,,,,,,,,,,,,,Abdu,bek,7away London,,,23123,UK,,,DE,,,,,,,,,,,
ef77108b-800d-47f0-bcb8-f50e3730b4b4,2796-e6cd-abd1,,,,,,,,725faeff-86c5-474e-94d4-209246317066,392b9743-6651-4ce7-a07a-f23278c3d169,,,ALC-01,1,DE-EUR 75000,,,,,,,,,,,,,,,,,,,,,,,,,,,,,,,,,,,,,,,,,,,,,,,,
ef77108b-800d-47f0-bcb8-f50e3730b4b4,2796-e6cd-abd1,,,,,,,,e57f8fe6-bd05-4871-9019-d85b83739059,e72723d7-60fc-4c80-9986-dddbd2532b5f,,,MMST-01,1,EUR 12000,,,,,,,,,,,,,,,,,,,,,,,,,,,,,,,,,,,,,,,,,,,,,,,,
ef77108b-800d-47f0-bcb8-f50e3730b4b4,2796-e6cd-abd1,,,,,,,,4891afb4-5993-4e04-bc4c-307074665cd8,b46704ce-2f1e-4d1d-a72c-5e46b331be8b,,,GMCT-01,1,EUR 25999,,,,,,,,,,,,,,,,,,,,,,,,,,,,,,,,,,,,,,,,,,,,,,,,
ef77108b-800d-47f0-bcb8-f50e3730b4b4,2796-e6cd-abd1,,,,,,,,b70e18e6-c32f-424d-bf14-09528870de8d,eeecf113-e8db-4ea9-9f68-f18e3a56b9ac,,,ADCT-01,1,EUR 320000,,,,,,,,,,,,,,,,,,,,,,,,,,,,,,,,,,,,,,,,,,,,,,,,
ef77108b-800d-47f0-bcb8-f50e3730b4b4,2796-e6cd-abd1,,,,,,,,44a41826-8c05-4f28-a542-1936e177ab63,d7602214-7edc-4815-a173-69bcacc4666e,,,MGD-01,1,DE-EUR 179900,,,,,,,,,,,,,,,,,,,,,,,,,,,,,,,,,,,,,,,,,,,,,,,,
63ce3a7f-dd9a-48f3-af41-3ad41227f106,05c4-5477-2db9,GBP 49900,GBP 49900,GBP 54890,,Confirmed,Paid,,,,,,,,,,,,Abdu,bek,7away London,,,23123,UK,,,GB,,,,,,,,,,,,,,,Abdu,bek,7away London,,,23123,UK,,,GB,,,,,,,,,,,
63ce3a7f-dd9a-48f3-af41-3ad41227f106,05c4-5477-2db9,,,,,,,,0ee75c10-b5e3-4dc1-94f8-9778069b602c,8c2ab190-f706-4a29-9f9c-db6e29f1f157,,,BA-092,1,GBP 39900,,,,,,,,,,,,,,,,,,,,,,,,,,,,,,,,,,,,,,,,,,,,,,,,
83f7ae0a-cf7e-42f4-9f28-200e5c253747,8057-e465-17c0,GBP 85000,GBP 85000,GBP 93500,,Open,,,,,,,,,,,,,Abdu,bek,7away London,,,23123,UK,,,GB,,,,,,,,,,,,,,,Abdu,bek,7away London,,,23123,UK,,,GB,,,,,,,,,,,
83f7ae0a-cf7e-42f4-9f28-200e5c253747,8057-e465-17c0,,,,,,,,bb290b84-d3a0-4439-a8a7-628b3e8e9205,392b9743-6651-4ce7-a07a-f23278c3d169,,,ALC-01,1,GBP 75000,,,,,,,,,,,,,,,,,,,,,,,,,,,,,,,,,,,,,,,,,,,,,,,,
f5d522d6-eade-45f6-8389-e6a4c70c0bd9,4cdd-cd76-3f8c,GBP 225910,GBP 225910,GBP 248501,,Confirmed,Paid,,,,,,,,,,,,Philipp,,commercetools,,,12345,Munich,,,GB,,,,,,,,,,,,,,,Philipp,,commercetools,,,12345,Munich,,,GB,,,,,,,,,,,
f5d522d6-eade-45f6-8389-e6a4c70c0bd9,4cdd-cd76-3f8c,,,,,,,,5214bf80-4712-4da9-a3f8-5bb909f08da2,a7ea7f8f-a204-4806-a0e0-7142ce0dc171,,,TTSS-01,1,GBP 239900|215910,,,,,,,,,,,,,,,,,,,,,,,,,,,,,,,,,,,,,,,,,,,,,,,,
c4ffe8d4-34e1-49f6-bc04-01066b79eee8,8bea-165f-19d7,GBP 10499,GBP 10499,GBP 11549,,Open,,,,,,,,,,,,,Abdu,bek,7away London,,,23123,UK,,,GB,,,,,,,,,,,,,,,Abdu,bek,7away London,,,23123,UK,,,GB,,,,,,,,,,,
c4ffe8d4-34e1-49f6-bc04-01066b79eee8,8bea-165f-19d7,,,,,,,,f59a82c8-5093-4e5c-8904-94b4753deb95,5c6cf7be-6f14-447c-98ae-0f182899ea3b,,,TCM-03,1,GBP 499,,,,,,,,,,,,,,,,,,,,,,,,,,,,,,,,,,,,,,,,,,,,,,,,
ed785a89-611d-4bf7-92c2-845821c4179a,69f1-f7fc-9efd,GBP 85000,GBP 85000,GBP 93500,,Confirmed,Paid,Ready,,,,,,,,,,,",n",,hjbm,,,8u473,fjdsndf,,,GB,,,,,,,,,,,,,,,",n",,hjbm,,,8u473,fjdsndf,,,GB,,,,,,,,,,,
ed785a89-611d-4bf7-92c2-845821c4179a,69f1-f7fc-9efd,,,,,,,,c0a5a1ed-39d8-4789-b9e5-1eb92c9f5371,392b9743-6651-4ce7-a07a-f23278c3d169,,,ALC-01,1,GBP 75000,,,,,,,,,,,,,,,,,,,,,,,,,,,,,,,,,,,,,,,,,,,,,,,,
f3363592-80a2-4df9-a447-14be9455fc60,513e-ebbc-91ac,GBP 22000,GBP 22000,GBP 24200,,Confirmed,Paid,,,,,,,,,,,,Michael,Nimz,Mainstreet 1,,,12345,Hamburg,,,GB,,,,,,017623595341,,,,,,,,,Michael,Nimz,Mainstreet 1,,,12345,Hamburg,,,GB,,,,,,017623595341,,,,,
f3363592-80a2-4df9-a447-14be9455fc60,513e-ebbc-91ac,,,,,,,,5dad916a-498c-4c22-8d2a-20cbf87e9ef3,e72723d7-60fc-4c80-9986-dddbd2532b5f,,,MMST-01,1,GBP 12000,,,,,,,,,,,,,,,,,,,,,,,,,,,,,,,,,,,,,,,,,,,,,,,,
223b41e2-18ef-40fa-95c0-f45dd53b3bdf,0db28053-6046-4b3f-01c9-4d2dc43583fa,GBP 20598,GBP 20598,GBP 22658,,Open,,,,,,,,,,,,,2342,,234,,,234,33,,,GB,,,,,,,,,,432,,,,,2342,,234,,,234,33,,,GB,,,,,,,,,,432,
223b41e2-18ef-40fa-95c0-f45dd53b3bdf,0db28053-6046-4b3f-01c9-4d2dc43583fa,,,,,,,,f984e077-302f-4674-9ba6-16779d0aa095,e3fbb56f-ef89-4ba6-88ed-15486e50cc6d,,,MLP-01,2,GBP 5299,,,,,,,,,,,,,,,,,,,,,,,,,,,,,,,,,,,,,,,,,,,,,,,,
945a8416-6e04-4bfe-8c42-f61a36dc3858,e32e8faf-52da-4c13-954d-395038de869d,GBP 533799,GBP 533799,GBP 587179,,Confirmed,Paid,,,,,,,,,,,,Mina,Badrous,Ain Shams,,,11772,Cairo,,,GB,,,,,,01287464969,,,,,,,,,Mina,Badrous,Ain Shams,,,11772,Cairo,,,GB,,,,,,01287464969,,,,,
945a8416-6e04-4bfe-8c42-f61a36dc3858,e32e8faf-52da-4c13-954d-395038de869d,,,,,,,,e24cfad7-50c2-4935-bca3-539d2875c607,cd9e0d15-a922-479a-bd82-a76d08633177,,,RCQB-01,1,GBP 329900,,,,,,,,,,,,,,,,,,,,,,,,,,,,,,,,,,,,,,,,,,,,,,,,
945a8416-6e04-4bfe-8c42-f61a36dc3858,e32e8faf-52da-4c13-954d-395038de869d,,,,,,,,27e55e25-ed98-49d4-ab69-a1584938fca6,d7602214-7edc-4815-a173-69bcacc4666e,,,MGD-01,1,GB-GBP 179900,,,,,,,,,,,,,,,,,,,,,,,,,,,,,,,,,,,,,,,,,,,,,,,,
945a8416-6e04-4bfe-8c42-f61a36dc3858,e32e8faf-52da-4c13-954d-395038de869d,,,,,,,,4867ab4c-1d6f-4231-8156-d8ee9ff906a1,fdba72e8-715e-4ff5-aa5b-8d18a479b81c,,,GPC-01,1,GBP 1999,,,,,,,,,,,,,,,,,,,,,,,,,,,,,,,,,,,,,,,,,,,,,,,,
945a8416-6e04-4bfe-8c42-f61a36dc3858,e32e8faf-52da-4c13-954d-395038de869d,,,,,,,,e6f78364-15af-460b-95d3-804793aae024,e72723d7-60fc-4c80-9986-dddbd2532b5f,,,MMST-01,1,GBP 12000,,,,,,,,,,,,,,,,,,,,,,,,,,,,,,,,,,,,,,,,,,,,,,,,
2bd75136-0020-4dff-a49a-8667604ea2fe,b600-926e-9111,GBP 708794,GBP 708794,GBP 779673,,Open,,,,,,,,,,,,,Ahmed,Amir,addddfffsd,,,10010,Berlin,,,GB,,,,,,01113333065,,,,addfdfdssdd,,,,,Ahmed,Amir,addddfffsd,,,10010,Berlin,,,GB,,,,,,01113333065,,,,addfdfdssdd,
2bd75136-0020-4dff-a49a-8667604ea2fe,b600-926e-9111,,,,,,,,bd678e31-9b8a-4d47-8408-cc770565c339,0137fe43-2114-40d2-9879-d70e82c4a6d4,,,BLP-01,1,GBP 8999,,,,,,,,,,,,,,,,,,,,,,,,,,,,,,,,,,,,,,,,,,,,,,,,
2bd75136-0020-4dff-a49a-8667604ea2fe,b600-926e-9111,,,,,,,,16e665d5-b319-4ca1-99fb-2c7222426d7a,cd9e0d15-a922-479a-bd82-a76d08633177,,,RCQB-01,2,GBP 329900,,,,,,,,,,,,,,,,,,,,,,,,,,,,,,,,,,,,,,,,,,,,,,,,
2bd75136-0020-4dff-a49a-8667604ea2fe,b600-926e-9111,,,,,,,,1c7b08c1-38f9-4e93-bb0c-f205a24e8943,6de62e83-5320-4eea-b956-1669c6ede850,,,PAP-01,5,GBP 5999,,,,,,,,,,,,,,,,,,,,,,,,,,,,,,,,,,,,,,,,,,,,,,,,
